genome,completeness,contamination,location,length,N50
GTX0465.bin.10.fa,69.12,2.92,analysis_and_temp_files/03_assembly/all_mags/GTX0465.bin.10.fa,2576733,15956
GTX0465.bin.15.fa,61.82,8.77,analysis_and_temp_files/03_assembly/all_mags/GTX0465.bin.15.fa,2832436,5451
GTX0465.bin.17.fa,52.9,0.0,analysis_and_temp_files/03_assembly/all_mags/GTX0465.bin.17.fa,3752970,12462
GTX0465.bin.18.fa,67.36,0.75,analysis_and_temp_files/03_assembly/all_mags/GTX0465.bin.18.fa,982073,8540
GTX0465.bin.23.fa,63.8,0.0,analysis_and_temp_files/03_assembly/all_mags/GTX0465.bin.23.fa,4338035,43901
GTX0465.bin.25.fa,94.79,4.19,analysis_and_temp_files/03_assembly/all_mags/GTX0465.bin.25.fa,2761866,14422
GTX0465.bin.32.fa,71.55,1.72,analysis_and_temp_files/03_assembly/all_mags/GTX0465.bin.32.fa,4960437,19456
GTX0465.bin.6.fa,87.48,1.37,analysis_and_temp_files/03_assembly/all_mags/GTX0465.bin.6.fa,3826392,9756
GTX0466.bin.12.fa,94.36,1.72,analysis_and_temp_files/03_assembly/all_mags/GTX0466.bin.12.fa,4263357,44902
GTX0466.bin.17.fa,73.87,0.84,analysis_and_temp_files/03_assembly/all_mags/GTX0466.bin.17.fa,3401273,6129
GTX0466.bin.19.fa,85.8,5.36,analysis_and_temp_files/03_assembly/all_mags/GTX0466.bin.19.fa,3506930,8695
GTX0466.bin.2.fa,59.27,1.8,analysis_and_temp_files/03_assembly/all_mags/GTX0466.bin.2.fa,1902321,13216
GTX0466.bin.22.fa,75.47,5.06,analysis_and_temp_files/03_assembly/all_mags/GTX0466.bin.22.fa,2596812,7502
GTX0466.bin.23.fa,63.8,7.8,analysis_and_temp_files/03_assembly/all_mags/GTX0466.bin.23.fa,2087728,4412
GTX0466.bin.25.fa,91.83,5.65,analysis_and_temp_files/03_assembly/all_mags/GTX0466.bin.25.fa,8346304,355888
GTX0466.bin.27.fa,55.42,0.0,analysis_and_temp_files/03_assembly/all_mags/GTX0466.bin.27.fa,601848,4812
GTX0466.bin.31.fa,67.24,0.0,analysis_and_temp_files/03_assembly/all_mags/GTX0466.bin.31.fa,2489479,6814
GTX0466.bin.32.fa,89.76,1.49,analysis_and_temp_files/03_assembly/all_mags/GTX0466.bin.32.fa,3332456,14626
GTX0466.bin.39.fa,95.33,2.62,analysis_and_temp_files/03_assembly/all_mags/GTX0466.bin.39.fa,4159583,67621
GTX0466.bin.4.fa,83.67,3.17,analysis_and_temp_files/03_assembly/all_mags/GTX0466.bin.4.fa,3718234,10329
GTX0466.bin.44.fa,89.74,0.26,analysis_and_temp_files/03_assembly/all_mags/GTX0466.bin.44.fa,3941867,28612
GTX0466.bin.45.fa,85.3,7.76,analysis_and_temp_files/03_assembly/all_mags/GTX0466.bin.45.fa,4892280,11170
GTX0466.bin.47.fa,84.84,5.11,analysis_and_temp_files/03_assembly/all_mags/GTX0466.bin.47.fa,8657775,9122
GTX0466.bin.52.fa,54.39,0.93,analysis_and_temp_files/03_assembly/all_mags/GTX0466.bin.52.fa,2309827,5503
GTX0466.bin.53.fa,91.58,1.08,analysis_and_temp_files/03_assembly/all_mags/GTX0466.bin.53.fa,3816884,21035
GTX0466.bin.55.fa,84.88,4.07,analysis_and_temp_files/03_assembly/all_mags/GTX0466.bin.55.fa,3535148,16530
GTX0466.bin.56.fa,94.72,7.63,analysis_and_temp_files/03_assembly/all_mags/GTX0466.bin.56.fa,4037988,20843
GTX0466.bin.6.fa,76.55,2.31,analysis_and_temp_files/03_assembly/all_mags/GTX0466.bin.6.fa,2896482,11185
GTX0466.bin.67.fa,72.39,2.57,analysis_and_temp_files/03_assembly/all_mags/GTX0466.bin.67.fa,2444245,6568
GTX0466.bin.69.fa,74.74,1.79,analysis_and_temp_files/03_assembly/all_mags/GTX0466.bin.69.fa,3773236,5592
GTX0466.bin.7.fa,68.31,0.0,analysis_and_temp_files/03_assembly/all_mags/GTX0466.bin.7.fa,2748676,7130
GTX0466.bin.71.fa,82.08,6.67,analysis_and_temp_files/03_assembly/all_mags/GTX0466.bin.71.fa,4975890,8535
GTX0466.bin.74.fa,97.13,0.67,analysis_and_temp_files/03_assembly/all_mags/GTX0466.bin.74.fa,3969347,41983
GTX0466.bin.75.fa,98.51,1.24,analysis_and_temp_files/03_assembly/all_mags/GTX0466.bin.75.fa,3950272,109324
GTX0466.bin.79.fa,63.21,0.0,analysis_and_temp_files/03_assembly/all_mags/GTX0466.bin.79.fa,546415,10217
GTX0466.bin.81.fa,95.44,6.82,analysis_and_temp_files/03_assembly/all_mags/GTX0466.bin.81.fa,4246426,22474
GTX0466.bin.82.fa,61.38,5.18,analysis_and_temp_files/03_assembly/all_mags/GTX0466.bin.82.fa,2419354,5999
GTX0466.bin.83.fa,66.03,1.72,analysis_and_temp_files/03_assembly/all_mags/GTX0466.bin.83.fa,3734959,6442
GTX0466.bin.84.fa,93.77,4.89,analysis_and_temp_files/03_assembly/all_mags/GTX0466.bin.84.fa,4380534,29964
GTX0466.bin.86.fa,60.3,1.29,analysis_and_temp_files/03_assembly/all_mags/GTX0466.bin.86.fa,1810605,5301
GTX0466.bin.89.fa,95.45,4.77,analysis_and_temp_files/03_assembly/all_mags/GTX0466.bin.89.fa,2900352,32653
GTX0466.bin.9.fa,99.26,1.23,analysis_and_temp_files/03_assembly/all_mags/GTX0466.bin.9.fa,4423146,94063
GTX0484.bin.1.fa,83.15,6.27,analysis_and_temp_files/03_assembly/all_mags/GTX0484.bin.1.fa,7911921,10292
GTX0484.bin.11.fa,87.66,5.51,analysis_and_temp_files/03_assembly/all_mags/GTX0484.bin.11.fa,4798783,16026
GTX0484.bin.12.fa,51.72,0.0,analysis_and_temp_files/03_assembly/all_mags/GTX0484.bin.12.fa,758001,532329
GTX0484.bin.13.fa,96.67,0.95,analysis_and_temp_files/03_assembly/all_mags/GTX0484.bin.13.fa,3715918,98096
GTX0484.bin.14.fa,87.18,8.39,analysis_and_temp_files/03_assembly/all_mags/GTX0484.bin.14.fa,5346867,8217
GTX0484.bin.17.fa,64.6,3.5,analysis_and_temp_files/03_assembly/all_mags/GTX0484.bin.17.fa,4029030,4850
GTX0484.bin.18.fa,98.1,1.67,analysis_and_temp_files/03_assembly/all_mags/GTX0484.bin.18.fa,4566559,109432
GTX0484.bin.21.fa,78.29,2.63,analysis_and_temp_files/03_assembly/all_mags/GTX0484.bin.21.fa,3164125,6571
GTX0484.bin.22.fa,97.84,2.35,analysis_and_temp_files/03_assembly/all_mags/GTX0484.bin.22.fa,5788019,40180
GTX0484.bin.25.fa,97.62,0.06,analysis_and_temp_files/03_assembly/all_mags/GTX0484.bin.25.fa,6361604,93973
GTX0484.bin.26.fa,93.96,2.08,analysis_and_temp_files/03_assembly/all_mags/GTX0484.bin.26.fa,3317318,19008
GTX0484.bin.28.fa,94.12,1.47,analysis_and_temp_files/03_assembly/all_mags/GTX0484.bin.28.fa,5739210,61813
GTX0484.bin.4.fa,55.8,0.0,analysis_and_temp_files/03_assembly/all_mags/GTX0484.bin.4.fa,2030020,4839
GTX0468.bin.1.fa,94.02,3.42,analysis_and_temp_files/03_assembly/all_mags/GTX0468.bin.1.fa,4520355,103068
GTX0468.bin.12.fa,85.71,8.19,analysis_and_temp_files/03_assembly/all_mags/GTX0468.bin.12.fa,3004242,8182
GTX0468.bin.14.fa,98.77,0.99,analysis_and_temp_files/03_assembly/all_mags/GTX0468.bin.14.fa,3863089,58953
GTX0468.bin.15.fa,89.9,1.89,analysis_and_temp_files/03_assembly/all_mags/GTX0468.bin.15.fa,4944394,10334
GTX0468.bin.17.fa,95.67,4.27,analysis_and_temp_files/03_assembly/all_mags/GTX0468.bin.17.fa,4505694,258385
GTX0468.bin.19.fa,99.7,0.74,analysis_and_temp_files/03_assembly/all_mags/GTX0468.bin.19.fa,4452352,81028
GTX0468.bin.2.fa,98.81,2.18,analysis_and_temp_files/03_assembly/all_mags/GTX0468.bin.2.fa,6185814,96429
GTX0468.bin.22.fa,86.59,5.63,analysis_and_temp_files/03_assembly/all_mags/GTX0468.bin.22.fa,3799205,18354
GTX0468.bin.23.fa,94.2,3.48,analysis_and_temp_files/03_assembly/all_mags/GTX0468.bin.23.fa,5993163,45425
GTX0468.bin.25.fa,98.01,7.82,analysis_and_temp_files/03_assembly/all_mags/GTX0468.bin.25.fa,4682428,44450
GTX0468.bin.26.fa,80.85,0.0,analysis_and_temp_files/03_assembly/all_mags/GTX0468.bin.26.fa,3409478,10230
GTX0468.bin.3.fa,88.56,0.5,analysis_and_temp_files/03_assembly/all_mags/GTX0468.bin.3.fa,3713026,162170
GTX0468.bin.30.fa,92.95,5.13,analysis_and_temp_files/03_assembly/all_mags/GTX0468.bin.30.fa,5521056,15779
GTX0468.bin.34.fa,80.46,9.41,analysis_and_temp_files/03_assembly/all_mags/GTX0468.bin.34.fa,3169169,7973
GTX0468.bin.35.fa,91.67,0.46,analysis_and_temp_files/03_assembly/all_mags/GTX0468.bin.35.fa,4381684,60016
GTX0468.bin.37.fa,97.46,6.83,analysis_and_temp_files/03_assembly/all_mags/GTX0468.bin.37.fa,5791765,28757
GTX0468.bin.4.fa,97.22,5.18,analysis_and_temp_files/03_assembly/all_mags/GTX0468.bin.4.fa,5352768,190945
GTX0468.bin.43.fa,92.24,5.5,analysis_and_temp_files/03_assembly/all_mags/GTX0468.bin.43.fa,4055186,18707
GTX0468.bin.44.fa,98.59,2.27,analysis_and_temp_files/03_assembly/all_mags/GTX0468.bin.44.fa,3070252,285930
GTX0468.bin.45.fa,87.54,1.73,analysis_and_temp_files/03_assembly/all_mags/GTX0468.bin.45.fa,2655348,11680
GTX0468.bin.46.fa,50.73,5.99,analysis_and_temp_files/03_assembly/all_mags/GTX0468.bin.46.fa,5917579,4242
GTX0468.bin.47.fa,67.24,3.45,analysis_and_temp_files/03_assembly/all_mags/GTX0468.bin.47.fa,4710994,10908
GTX0468.bin.49.fa,95.88,3.04,analysis_and_temp_files/03_assembly/all_mags/GTX0468.bin.49.fa,3568729,61361
GTX0468.bin.50.fa,94.54,1.71,analysis_and_temp_files/03_assembly/all_mags/GTX0468.bin.50.fa,4060639,32396
GTX0468.bin.59.fa,83.74,4.42,analysis_and_temp_files/03_assembly/all_mags/GTX0468.bin.59.fa,2835623,32495
GTX0468.bin.6.fa,54.64,0.94,analysis_and_temp_files/03_assembly/all_mags/GTX0468.bin.6.fa,2275813,4309
GTX0468.bin.60.fa,92.59,0.0,analysis_and_temp_files/03_assembly/all_mags/GTX0468.bin.60.fa,4001293,38416
GTX0468.bin.62.fa,98.44,4.22,analysis_and_temp_files/03_assembly/all_mags/GTX0468.bin.62.fa,7310356,60029
GTX0468.bin.63.fa,99.01,0.57,analysis_and_temp_files/03_assembly/all_mags/GTX0468.bin.63.fa,4555527,256997
GTX0468.bin.65.fa,98.29,1.35,analysis_and_temp_files/03_assembly/all_mags/GTX0468.bin.65.fa,3487392,151703
GTX0468.bin.68.fa,88.52,4.55,analysis_and_temp_files/03_assembly/all_mags/GTX0468.bin.68.fa,3352678,8683
GTX0468.bin.7.fa,95.11,4.58,analysis_and_temp_files/03_assembly/all_mags/GTX0468.bin.7.fa,4728865,33018
GTX0468.bin.70.fa,78.93,8.48,analysis_and_temp_files/03_assembly/all_mags/GTX0468.bin.70.fa,2516951,14304
GTX0468.bin.72.fa,89.35,3.7,analysis_and_temp_files/03_assembly/all_mags/GTX0468.bin.72.fa,3717630,16038
GTX0468.bin.76.fa,95.02,4.81,analysis_and_temp_files/03_assembly/all_mags/GTX0468.bin.76.fa,4488479,22175
GTX0468.bin.79.fa,90.1,5.05,analysis_and_temp_files/03_assembly/all_mags/GTX0468.bin.79.fa,3959130,34582
GTX0468.bin.80.fa,93.1,7.71,analysis_and_temp_files/03_assembly/all_mags/GTX0468.bin.80.fa,3612293,21650
GTX0468.bin.9.fa,80.02,0.31,analysis_and_temp_files/03_assembly/all_mags/GTX0468.bin.9.fa,3638275,9199
GTX0486_487.bin.1.fa,91.16,1.26,analysis_and_temp_files/03_assembly/all_mags/GTX0486_487.bin.1.fa,3459881,11435
GTX0486_487.bin.103.fa,87.57,3.35,analysis_and_temp_files/03_assembly/all_mags/GTX0486_487.bin.103.fa,2879991,15853
GTX0486_487.bin.21.fa,95.29,0.0,analysis_and_temp_files/03_assembly/all_mags/GTX0486_487.bin.21.fa,3148156,123185
GTX0486_487.bin.22.fa,95.7,6.0,analysis_and_temp_files/03_assembly/all_mags/GTX0486_487.bin.22.fa,3750418,45646
GTX0486_487.bin.26.fa,84.14,6.44,analysis_and_temp_files/03_assembly/all_mags/GTX0486_487.bin.26.fa,4887528,7206
GTX0486_487.bin.30.fa,84.08,2.4,analysis_and_temp_files/03_assembly/all_mags/GTX0486_487.bin.30.fa,4456715,8153
GTX0486_487.bin.31.fa,76.13,1.53,analysis_and_temp_files/03_assembly/all_mags/GTX0486_487.bin.31.fa,2941819,8103
GTX0486_487.bin.33.fa,90.71,2.14,analysis_and_temp_files/03_assembly/all_mags/GTX0486_487.bin.33.fa,3646580,8865
GTX0486_487.bin.36.fa,85.33,2.89,analysis_and_temp_files/03_assembly/all_mags/GTX0486_487.bin.36.fa,3687059,12352
GTX0486_487.bin.40.fa,87.49,7.45,analysis_and_temp_files/03_assembly/all_mags/GTX0486_487.bin.40.fa,3098473,12138
GTX0486_487.bin.41.fa,68.97,0.0,analysis_and_temp_files/03_assembly/all_mags/GTX0486_487.bin.41.fa,4883926,8241
GTX0486_487.bin.47.fa,70.71,1.04,analysis_and_temp_files/03_assembly/all_mags/GTX0486_487.bin.47.fa,2871077,31377
GTX0486_487.bin.48.fa,94.19,2.52,analysis_and_temp_files/03_assembly/all_mags/GTX0486_487.bin.48.fa,2893286,29893
GTX0486_487.bin.49.fa,88.11,4.11,analysis_and_temp_files/03_assembly/all_mags/GTX0486_487.bin.49.fa,5477663,8953
GTX0486_487.bin.5.fa,74.66,4.97,analysis_and_temp_files/03_assembly/all_mags/GTX0486_487.bin.5.fa,2487724,6112
GTX0486_487.bin.50.fa,87.08,6.46,analysis_and_temp_files/03_assembly/all_mags/GTX0486_487.bin.50.fa,4398609,9128
GTX0486_487.bin.54.fa,68.58,2.37,analysis_and_temp_files/03_assembly/all_mags/GTX0486_487.bin.54.fa,2667900,5673
GTX0486_487.bin.57.fa,56.97,3.61,analysis_and_temp_files/03_assembly/all_mags/GTX0486_487.bin.57.fa,3151786,5868
GTX0486_487.bin.61.fa,86.89,1.75,analysis_and_temp_files/03_assembly/all_mags/GTX0486_487.bin.61.fa,2629197,10208
GTX0486_487.bin.66.fa,68.92,0.74,analysis_and_temp_files/03_assembly/all_mags/GTX0486_487.bin.66.fa,2595141,6523
GTX0486_487.bin.69.fa,83.8,7.94,analysis_and_temp_files/03_assembly/all_mags/GTX0486_487.bin.69.fa,2774931,8264
GTX0486_487.bin.70.fa,71.24,4.55,analysis_and_temp_files/03_assembly/all_mags/GTX0486_487.bin.70.fa,2589788,17232
GTX0486_487.bin.73.fa,99.11,0.95,analysis_and_temp_files/03_assembly/all_mags/GTX0486_487.bin.73.fa,4465744,39020
GTX0486_487.bin.74.fa,93.52,0.1,analysis_and_temp_files/03_assembly/all_mags/GTX0486_487.bin.74.fa,4513327,34082
GTX0486_487.bin.77.fa,74.65,5.91,analysis_and_temp_files/03_assembly/all_mags/GTX0486_487.bin.77.fa,3305541,6858
GTX0486_487.bin.8.fa,95.07,5.2,analysis_and_temp_files/03_assembly/all_mags/GTX0486_487.bin.8.fa,5857757,26944
GTX0486_487.bin.83.fa,99.01,0.99,analysis_and_temp_files/03_assembly/all_mags/GTX0486_487.bin.83.fa,3735026,146277
GTX0486_487.bin.86.fa,75.87,0.65,analysis_and_temp_files/03_assembly/all_mags/GTX0486_487.bin.86.fa,2127297,51821
GTX0486_487.bin.90.fa,82.13,5.66,analysis_and_temp_files/03_assembly/all_mags/GTX0486_487.bin.90.fa,4999668,15759
GTX0486_487.bin.92.fa,90.74,0.0,analysis_and_temp_files/03_assembly/all_mags/GTX0486_487.bin.92.fa,3845965,32554
GTX0486_487.bin.96.fa,98.28,0.49,analysis_and_temp_files/03_assembly/all_mags/GTX0486_487.bin.96.fa,5759775,211678
GTX0486_487.bin.99.fa,89.72,0.7,analysis_and_temp_files/03_assembly/all_mags/GTX0486_487.bin.99.fa,4110715,29073
GTX0481.bin.10.fa,54.1,1.85,analysis_and_temp_files/03_assembly/all_mags/GTX0481.bin.10.fa,2673519,5010
GTX0481.bin.2.fa,78.02,1.84,analysis_and_temp_files/03_assembly/all_mags/GTX0481.bin.2.fa,2398169,12393
GTX0481.bin.20.fa,89.71,4.32,analysis_and_temp_files/03_assembly/all_mags/GTX0481.bin.20.fa,3003946,33688
GTX0481.bin.25.fa,88.99,5.22,analysis_and_temp_files/03_assembly/all_mags/GTX0481.bin.25.fa,6535710,13843
GTX0481.bin.28.fa,67.14,2.89,analysis_and_temp_files/03_assembly/all_mags/GTX0481.bin.28.fa,3016964,4574
GTX0481.bin.29.fa,86.02,2.16,analysis_and_temp_files/03_assembly/all_mags/GTX0481.bin.29.fa,3114178,11320
GTX0481.bin.3.fa,77.32,6.28,analysis_and_temp_files/03_assembly/all_mags/GTX0481.bin.3.fa,2463824,5351
GTX0481.bin.6.fa,98.03,0.74,analysis_and_temp_files/03_assembly/all_mags/GTX0481.bin.6.fa,5008159,51576
GTX0481.bin.8.fa,97.22,3.16,analysis_and_temp_files/03_assembly/all_mags/GTX0481.bin.8.fa,2865203,29574
GTX0481.bin.9.fa,90.12,3.6,analysis_and_temp_files/03_assembly/all_mags/GTX0481.bin.9.fa,3425441,19563
GTX0493.bin.10.fa,92.64,2.99,analysis_and_temp_files/03_assembly/all_mags/GTX0493.bin.10.fa,5657879,53752
GTX0493.bin.13.fa,75.63,4.29,analysis_and_temp_files/03_assembly/all_mags/GTX0493.bin.13.fa,2511472,8583
GTX0493.bin.14.fa,95.38,5.08,analysis_and_temp_files/03_assembly/all_mags/GTX0493.bin.14.fa,2872172,35259
GTX0493.bin.18.fa,88.91,2.24,analysis_and_temp_files/03_assembly/all_mags/GTX0493.bin.18.fa,2669031,29742
GTX0493.bin.21.fa,58.62,0.0,analysis_and_temp_files/03_assembly/all_mags/GTX0493.bin.21.fa,4107890,8216
GTX0493.bin.22.fa,96.47,3.44,analysis_and_temp_files/03_assembly/all_mags/GTX0493.bin.22.fa,4841107,79142
GTX0493.bin.27.fa,52.18,0.86,analysis_and_temp_files/03_assembly/all_mags/GTX0493.bin.27.fa,2262470,14624
GTX0493.bin.34.fa,69.07,6.87,analysis_and_temp_files/03_assembly/all_mags/GTX0493.bin.34.fa,2626498,6000
GTX0493.bin.7.fa,97.15,2.59,analysis_and_temp_files/03_assembly/all_mags/GTX0493.bin.7.fa,3686066,291182
GTX0494.bin.10.fa,82.71,4.9,analysis_and_temp_files/03_assembly/all_mags/GTX0494.bin.10.fa,3558175,8270
GTX0494.bin.17.fa,61.39,3.0,analysis_and_temp_files/03_assembly/all_mags/GTX0494.bin.17.fa,2348915,7516
GTX0494.bin.20.fa,60.82,0.0,analysis_and_temp_files/03_assembly/all_mags/GTX0494.bin.20.fa,2751706,274058
GTX0494.bin.21.fa,83.9,4.08,analysis_and_temp_files/03_assembly/all_mags/GTX0494.bin.21.fa,4460832,8977
GTX0494.bin.29.fa,88.96,5.04,analysis_and_temp_files/03_assembly/all_mags/GTX0494.bin.29.fa,2773356,24404
GTX0494.bin.3.fa,51.72,1.72,analysis_and_temp_files/03_assembly/all_mags/GTX0494.bin.3.fa,2027173,1264821
GTX0494.bin.9.fa,76.62,2.49,analysis_and_temp_files/03_assembly/all_mags/GTX0494.bin.9.fa,5583363,24173
coassembly.bin.100.fa,95.3,5.13,analysis_and_temp_files/03_assembly/all_mags/coassembly.bin.100.fa,5567030,17781
coassembly.bin.107.fa,72.11,2.61,analysis_and_temp_files/03_assembly/all_mags/coassembly.bin.107.fa,2673843,7107
coassembly.bin.108.fa,63.05,3.34,analysis_and_temp_files/03_assembly/all_mags/coassembly.bin.108.fa,2687980,5388
coassembly.bin.11.fa,52.21,4.43,analysis_and_temp_files/03_assembly/all_mags/coassembly.bin.11.fa,3410664,3856
coassembly.bin.112.fa,64.79,8.71,analysis_and_temp_files/03_assembly/all_mags/coassembly.bin.112.fa,3013604,4532
coassembly.bin.114.fa,72.44,0.94,analysis_and_temp_files/03_assembly/all_mags/coassembly.bin.114.fa,1025827,8374
coassembly.bin.115.fa,79.6,5.76,analysis_and_temp_files/03_assembly/all_mags/coassembly.bin.115.fa,2475672,9983
coassembly.bin.118.fa,82.67,5.11,analysis_and_temp_files/03_assembly/all_mags/coassembly.bin.118.fa,8448881,8529
coassembly.bin.126.fa,64.8,3.81,analysis_and_temp_files/03_assembly/all_mags/coassembly.bin.126.fa,2092801,4904
coassembly.bin.129.fa,81.64,3.07,analysis_and_temp_files/03_assembly/all_mags/coassembly.bin.129.fa,8095539,6498
coassembly.bin.132.fa,98.52,0.99,analysis_and_temp_files/03_assembly/all_mags/coassembly.bin.132.fa,3711000,138955
coassembly.bin.133.fa,89.74,3.38,analysis_and_temp_files/03_assembly/all_mags/coassembly.bin.133.fa,3497231,9910
coassembly.bin.135.fa,83.01,7.31,analysis_and_temp_files/03_assembly/all_mags/coassembly.bin.135.fa,9374116,10614
coassembly.bin.141.fa,56.79,3.02,analysis_and_temp_files/03_assembly/all_mags/coassembly.bin.141.fa,2702603,4404
coassembly.bin.143.fa,78.86,2.78,analysis_and_temp_files/03_assembly/all_mags/coassembly.bin.143.fa,3598297,11348
coassembly.bin.144.fa,51.72,0.86,analysis_and_temp_files/03_assembly/all_mags/coassembly.bin.144.fa,3352041,7142
coassembly.bin.145.fa,80.11,2.73,analysis_and_temp_files/03_assembly/all_mags/coassembly.bin.145.fa,4810439,10271
coassembly.bin.148.fa,72.67,1.25,analysis_and_temp_files/03_assembly/all_mags/coassembly.bin.148.fa,3106100,9060
coassembly.bin.149.fa,97.2,1.67,analysis_and_temp_files/03_assembly/all_mags/coassembly.bin.149.fa,4333077,65447
coassembly.bin.151.fa,75.47,0.0,analysis_and_temp_files/03_assembly/all_mags/coassembly.bin.151.fa,1194509,204198
coassembly.bin.160.fa,63.43,9.48,analysis_and_temp_files/03_assembly/all_mags/coassembly.bin.160.fa,3861937,5450
coassembly.bin.165.fa,91.15,3.16,analysis_and_temp_files/03_assembly/all_mags/coassembly.bin.165.fa,3841874,16737
coassembly.bin.166.fa,86.02,1.9,analysis_and_temp_files/03_assembly/all_mags/coassembly.bin.166.fa,3208262,13912
coassembly.bin.167.fa,91.45,2.62,analysis_and_temp_files/03_assembly/all_mags/coassembly.bin.167.fa,4344595,76424
coassembly.bin.170.fa,69.77,1.99,analysis_and_temp_files/03_assembly/all_mags/coassembly.bin.170.fa,4491442,9323
coassembly.bin.172.fa,90.48,3.95,analysis_and_temp_files/03_assembly/all_mags/coassembly.bin.172.fa,4784074,24155
coassembly.bin.173.fa,50.0,0.0,analysis_and_temp_files/03_assembly/all_mags/coassembly.bin.173.fa,534615,4970
coassembly.bin.174.fa,54.86,2.88,analysis_and_temp_files/03_assembly/all_mags/coassembly.bin.174.fa,2636992,5016
coassembly.bin.175.fa,90.0,0.59,analysis_and_temp_files/03_assembly/all_mags/coassembly.bin.175.fa,5501360,61471
coassembly.bin.176.fa,60.97,3.85,analysis_and_temp_files/03_assembly/all_mags/coassembly.bin.176.fa,3322443,4870
coassembly.bin.180.fa,72.73,1.69,analysis_and_temp_files/03_assembly/all_mags/coassembly.bin.180.fa,3390564,6676
coassembly.bin.182.fa,90.15,2.28,analysis_and_temp_files/03_assembly/all_mags/coassembly.bin.182.fa,4678260,11730
coassembly.bin.185.fa,56.82,6.9,analysis_and_temp_files/03_assembly/all_mags/coassembly.bin.185.fa,3276067,8337
coassembly.bin.186.fa,94.13,2.53,analysis_and_temp_files/03_assembly/all_mags/coassembly.bin.186.fa,2942398,21389
coassembly.bin.187.fa,55.52,3.45,analysis_and_temp_files/03_assembly/all_mags/coassembly.bin.187.fa,2786711,5425
coassembly.bin.189.fa,61.21,0.0,analysis_and_temp_files/03_assembly/all_mags/coassembly.bin.189.fa,2466193,7688
coassembly.bin.191.fa,69.84,6.37,analysis_and_temp_files/03_assembly/all_mags/coassembly.bin.191.fa,6891321,5359
coassembly.bin.199.fa,89.4,2.44,analysis_and_temp_files/03_assembly/all_mags/coassembly.bin.199.fa,3711034,19722
coassembly.bin.200.fa,81.15,7.54,analysis_and_temp_files/03_assembly/all_mags/coassembly.bin.200.fa,2777201,6825
coassembly.bin.203.fa,90.94,5.07,analysis_and_temp_files/03_assembly/all_mags/coassembly.bin.203.fa,3990044,10002
coassembly.bin.204.fa,91.45,5.94,analysis_and_temp_files/03_assembly/all_mags/coassembly.bin.204.fa,3094414,14394
coassembly.bin.209.fa,88.85,2.8,analysis_and_temp_files/03_assembly/all_mags/coassembly.bin.209.fa,3337926,9976
coassembly.bin.210.fa,88.31,8.83,analysis_and_temp_files/03_assembly/all_mags/coassembly.bin.210.fa,4854971,109745
coassembly.bin.211.fa,89.58,2.89,analysis_and_temp_files/03_assembly/all_mags/coassembly.bin.211.fa,8266996,38147
coassembly.bin.212.fa,86.04,4.3,analysis_and_temp_files/03_assembly/all_mags/coassembly.bin.212.fa,3015836,69903
coassembly.bin.214.fa,69.25,5.17,analysis_and_temp_files/03_assembly/all_mags/coassembly.bin.214.fa,2811385,10367
coassembly.bin.216.fa,94.22,0.36,analysis_and_temp_files/03_assembly/all_mags/coassembly.bin.216.fa,5270954,16147
coassembly.bin.217.fa,87.22,1.07,analysis_and_temp_files/03_assembly/all_mags/coassembly.bin.217.fa,3234968,17225
coassembly.bin.221.fa,88.72,4.32,analysis_and_temp_files/03_assembly/all_mags/coassembly.bin.221.fa,5280736,16669
coassembly.bin.222.fa,75.02,0.46,analysis_and_temp_files/03_assembly/all_mags/coassembly.bin.222.fa,3200235,8018
coassembly.bin.223.fa,90.75,5.24,analysis_and_temp_files/03_assembly/all_mags/coassembly.bin.223.fa,4927861,18734
coassembly.bin.224.fa,92.87,9.13,analysis_and_temp_files/03_assembly/all_mags/coassembly.bin.224.fa,6021913,23859
coassembly.bin.226.fa,89.93,2.04,analysis_and_temp_files/03_assembly/all_mags/coassembly.bin.226.fa,3996583,32491
coassembly.bin.233.fa,91.54,1.66,analysis_and_temp_files/03_assembly/all_mags/coassembly.bin.233.fa,4503486,47550
coassembly.bin.234.fa,91.85,6.86,analysis_and_temp_files/03_assembly/all_mags/coassembly.bin.234.fa,4519088,17176
coassembly.bin.238.fa,79.95,0.89,analysis_and_temp_files/03_assembly/all_mags/coassembly.bin.238.fa,2328528,8505
coassembly.bin.24.fa,86.63,5.18,analysis_and_temp_files/03_assembly/all_mags/coassembly.bin.24.fa,2776101,10429
coassembly.bin.246.fa,96.6,2.03,analysis_and_temp_files/03_assembly/all_mags/coassembly.bin.246.fa,3424011,50008
coassembly.bin.251.fa,92.95,0.24,analysis_and_temp_files/03_assembly/all_mags/coassembly.bin.251.fa,2770975,29485
coassembly.bin.256.fa,79.73,1.41,analysis_and_temp_files/03_assembly/all_mags/coassembly.bin.256.fa,5116175,19541
coassembly.bin.257.fa,91.83,5.65,analysis_and_temp_files/03_assembly/all_mags/coassembly.bin.257.fa,8342422,226220
coassembly.bin.264.fa,71.16,5.87,analysis_and_temp_files/03_assembly/all_mags/coassembly.bin.264.fa,3840980,8774
coassembly.bin.265.fa,74.94,2.41,analysis_and_temp_files/03_assembly/all_mags/coassembly.bin.265.fa,2033586,6039
coassembly.bin.266.fa,61.78,0.38,analysis_and_temp_files/03_assembly/all_mags/coassembly.bin.266.fa,1943417,6151
coassembly.bin.271.fa,89.38,7.17,analysis_and_temp_files/03_assembly/all_mags/coassembly.bin.271.fa,3537904,8779
coassembly.bin.273.fa,97.02,0.33,analysis_and_temp_files/03_assembly/all_mags/coassembly.bin.273.fa,6156165,74967
coassembly.bin.274.fa,68.19,4.27,analysis_and_temp_files/03_assembly/all_mags/coassembly.bin.274.fa,3193273,6855
coassembly.bin.275.fa,84.17,4.28,analysis_and_temp_files/03_assembly/all_mags/coassembly.bin.275.fa,3340522,8711
coassembly.bin.28.fa,73.69,2.06,analysis_and_temp_files/03_assembly/all_mags/coassembly.bin.28.fa,2523890,8751
coassembly.bin.280.fa,95.73,2.25,analysis_and_temp_files/03_assembly/all_mags/coassembly.bin.280.fa,4781738,43952
coassembly.bin.284.fa,98.11,3.85,analysis_and_temp_files/03_assembly/all_mags/coassembly.bin.284.fa,7327209,65308
coassembly.bin.287.fa,70.24,1.41,analysis_and_temp_files/03_assembly/all_mags/coassembly.bin.287.fa,2456534,5594
coassembly.bin.289.fa,93.84,0.25,analysis_and_temp_files/03_assembly/all_mags/coassembly.bin.289.fa,3092895,111682
coassembly.bin.290.fa,55.34,6.9,analysis_and_temp_files/03_assembly/all_mags/coassembly.bin.290.fa,3287819,6534
coassembly.bin.291.fa,81.74,0.59,analysis_and_temp_files/03_assembly/all_mags/coassembly.bin.291.fa,2247592,22184
coassembly.bin.292.fa,50.15,1.39,analysis_and_temp_files/03_assembly/all_mags/coassembly.bin.292.fa,2117296,4774
coassembly.bin.298.fa,57.4,3.45,analysis_and_temp_files/03_assembly/all_mags/coassembly.bin.298.fa,2779138,6188
coassembly.bin.299.fa,83.31,2.92,analysis_and_temp_files/03_assembly/all_mags/coassembly.bin.299.fa,4472583,9674
coassembly.bin.304.fa,82.87,5.2,analysis_and_temp_files/03_assembly/all_mags/coassembly.bin.304.fa,4758003,13107
coassembly.bin.306.fa,81.02,0.93,analysis_and_temp_files/03_assembly/all_mags/coassembly.bin.306.fa,3973476,21298
coassembly.bin.312.fa,66.6,2.17,analysis_and_temp_files/03_assembly/all_mags/coassembly.bin.312.fa,2860217,7582
coassembly.bin.315.fa,97.75,1.67,analysis_and_temp_files/03_assembly/all_mags/coassembly.bin.315.fa,4203392,58455
coassembly.bin.319.fa,98.59,6.67,analysis_and_temp_files/03_assembly/all_mags/coassembly.bin.319.fa,3453996,135009
coassembly.bin.320.fa,78.96,3.03,analysis_and_temp_files/03_assembly/all_mags/coassembly.bin.320.fa,3396249,12877
coassembly.bin.324.fa,93.42,1.01,analysis_and_temp_files/03_assembly/all_mags/coassembly.bin.324.fa,5693532,16037
coassembly.bin.33.fa,58.64,2.68,analysis_and_temp_files/03_assembly/all_mags/coassembly.bin.33.fa,2705410,4868
coassembly.bin.330.fa,89.04,0.0,analysis_and_temp_files/03_assembly/all_mags/coassembly.bin.330.fa,3770954,17165
coassembly.bin.334.fa,99.15,0.0,analysis_and_temp_files/03_assembly/all_mags/coassembly.bin.334.fa,3472323,183409
coassembly.bin.338.fa,92.05,2.64,analysis_and_temp_files/03_assembly/all_mags/coassembly.bin.338.fa,4200588,27434
coassembly.bin.34.fa,83.84,2.32,analysis_and_temp_files/03_assembly/all_mags/coassembly.bin.34.fa,4059397,12106
coassembly.bin.341.fa,73.61,5.38,analysis_and_temp_files/03_assembly/all_mags/coassembly.bin.341.fa,3583304,13997
coassembly.bin.343.fa,65.52,0.0,analysis_and_temp_files/03_assembly/all_mags/coassembly.bin.343.fa,4676950,8983
coassembly.bin.35.fa,67.06,5.74,analysis_and_temp_files/03_assembly/all_mags/coassembly.bin.35.fa,2585803,4987
coassembly.bin.352.fa,88.1,2.89,analysis_and_temp_files/03_assembly/all_mags/coassembly.bin.352.fa,3324852,18569
coassembly.bin.354.fa,73.07,3.45,analysis_and_temp_files/03_assembly/all_mags/coassembly.bin.354.fa,4599513,10397
coassembly.bin.356.fa,80.03,3.84,analysis_and_temp_files/03_assembly/all_mags/coassembly.bin.356.fa,2463975,17347
coassembly.bin.357.fa,88.61,4.67,analysis_and_temp_files/03_assembly/all_mags/coassembly.bin.357.fa,4793342,8857
coassembly.bin.358.fa,62.55,1.72,analysis_and_temp_files/03_assembly/all_mags/coassembly.bin.358.fa,4399155,12896
coassembly.bin.363.fa,86.35,6.09,analysis_and_temp_files/03_assembly/all_mags/coassembly.bin.363.fa,4695000,12103
coassembly.bin.37.fa,71.06,0.74,analysis_and_temp_files/03_assembly/all_mags/coassembly.bin.37.fa,3204383,5595
coassembly.bin.372.fa,84.17,6.19,analysis_and_temp_files/03_assembly/all_mags/coassembly.bin.372.fa,2222793,8323
coassembly.bin.374.fa,92.08,3.92,analysis_and_temp_files/03_assembly/all_mags/coassembly.bin.374.fa,5816390,24083
coassembly.bin.375.fa,99.32,1.57,analysis_and_temp_files/03_assembly/all_mags/coassembly.bin.375.fa,4244948,42278
coassembly.bin.377.fa,85.42,0.59,analysis_and_temp_files/03_assembly/all_mags/coassembly.bin.377.fa,3084912,15673
coassembly.bin.379.fa,96.83,3.89,analysis_and_temp_files/03_assembly/all_mags/coassembly.bin.379.fa,3352952,26227
coassembly.bin.380.fa,79.86,2.3,analysis_and_temp_files/03_assembly/all_mags/coassembly.bin.380.fa,2424081,7887
coassembly.bin.381.fa,50.47,7.76,analysis_and_temp_files/03_assembly/all_mags/coassembly.bin.381.fa,2006940,6103
coassembly.bin.382.fa,95.54,1.24,analysis_and_temp_files/03_assembly/all_mags/coassembly.bin.382.fa,3755057,97943
coassembly.bin.385.fa,92.87,7.52,analysis_and_temp_files/03_assembly/all_mags/coassembly.bin.385.fa,3783734,52191
coassembly.bin.388.fa,75.9,2.15,analysis_and_temp_files/03_assembly/all_mags/coassembly.bin.388.fa,2443901,7905
coassembly.bin.389.fa,97.78,3.48,analysis_and_temp_files/03_assembly/all_mags/coassembly.bin.389.fa,5582931,41809
coassembly.bin.40.fa,58.04,0.5,analysis_and_temp_files/03_assembly/all_mags/coassembly.bin.40.fa,2215995,6012
coassembly.bin.45.fa,76.21,5.11,analysis_and_temp_files/03_assembly/all_mags/coassembly.bin.45.fa,3393122,6106
coassembly.bin.49.fa,81.71,3.81,analysis_and_temp_files/03_assembly/all_mags/coassembly.bin.49.fa,2759807,17187
coassembly.bin.5.fa,86.97,0.9,analysis_and_temp_files/03_assembly/all_mags/coassembly.bin.5.fa,3243307,10360
coassembly.bin.53.fa,87.09,0.9,analysis_and_temp_files/03_assembly/all_mags/coassembly.bin.53.fa,2674991,8515
coassembly.bin.54.fa,62.21,4.73,analysis_and_temp_files/03_assembly/all_mags/coassembly.bin.54.fa,4460138,5746
coassembly.bin.58.fa,97.26,1.01,analysis_and_temp_files/03_assembly/all_mags/coassembly.bin.58.fa,3735741,32878
coassembly.bin.63.fa,65.67,5.17,analysis_and_temp_files/03_assembly/all_mags/coassembly.bin.63.fa,2591537,4371
coassembly.bin.66.fa,71.21,4.38,analysis_and_temp_files/03_assembly/all_mags/coassembly.bin.66.fa,3592946,5928
coassembly.bin.67.fa,90.22,2.4,analysis_and_temp_files/03_assembly/all_mags/coassembly.bin.67.fa,3617198,17051
coassembly.bin.68.fa,95.37,7.44,analysis_and_temp_files/03_assembly/all_mags/coassembly.bin.68.fa,5720237,14208
coassembly.bin.70.fa,89.04,5.99,analysis_and_temp_files/03_assembly/all_mags/coassembly.bin.70.fa,4210161,7854
coassembly.bin.73.fa,92.59,6.42,analysis_and_temp_files/03_assembly/all_mags/coassembly.bin.73.fa,7176731,22643
coassembly.bin.77.fa,97.78,1.85,analysis_and_temp_files/03_assembly/all_mags/coassembly.bin.77.fa,4031960,81825
coassembly.bin.80.fa,65.51,9.72,analysis_and_temp_files/03_assembly/all_mags/coassembly.bin.80.fa,5992682,5280
coassembly.bin.83.fa,76.48,1.52,analysis_and_temp_files/03_assembly/all_mags/coassembly.bin.83.fa,3492186,8406
coassembly.bin.86.fa,84.89,2.68,analysis_and_temp_files/03_assembly/all_mags/coassembly.bin.86.fa,4946902,7959
coassembly.bin.87.fa,90.88,5.2,analysis_and_temp_files/03_assembly/all_mags/coassembly.bin.87.fa,3212203,19088
coassembly.bin.88.fa,79.66,1.72,analysis_and_temp_files/03_assembly/all_mags/coassembly.bin.88.fa,3486284,34819
coassembly.bin.9.fa,91.62,9.29,analysis_and_temp_files/03_assembly/all_mags/coassembly.bin.9.fa,4223687,19946
coassembly.bin.91.fa,95.27,3.92,analysis_and_temp_files/03_assembly/all_mags/coassembly.bin.91.fa,3159635,22668
coassembly.bin.92.fa,80.1,0.0,analysis_and_temp_files/03_assembly/all_mags/coassembly.bin.92.fa,3369242,103062
coassembly.bin.94.fa,94.24,4.65,analysis_and_temp_files/03_assembly/all_mags/coassembly.bin.94.fa,2710388,18283
