Protein ID,pLDDT,Probability of antimicrobial activity,Prediction
FUN_000013-T1_unrelaxed_rank_001_alphafold2_ptm_model_3_seed_000,61.66691406249999,0.0233036681193678,Non-antimicrobial
FUN_000051-T1_unrelaxed_rank_001_alphafold2_ptm_model_3_seed_000,74.5480861244019,0.5453004541394418,Antimicrobial
FUN_000052-T1_unrelaxed_rank_001_alphafold2_ptm_model_4_seed_000,42.720195121951214,0.0047849629761158,Non-antimicrobial
FUN_000085-T1_unrelaxed_rank_001_alphafold2_ptm_model_3_seed_000,90.6088,0.3553822823749978,Non-antimicrobial
FUN_000098-T1_unrelaxed_rank_001_alphafold2_ptm_model_4_seed_000,35.07247058823529,0.0074025589508944,Non-antimicrobial
FUN_000099-T1_unrelaxed_rank_001_alphafold2_ptm_model_3_seed_000,90.33257142857144,0.4913683870058797,Non-antimicrobial
FUN_000106-T1_unrelaxed_rank_001_alphafold2_ptm_model_4_seed_000,67.79074257425744,0.3479178213435787,Non-antimicrobial
FUN_000162-T1_unrelaxed_rank_001_alphafold2_ptm_model_2_seed_000,48.05266666666667,0.0003163750699001,Non-antimicrobial
FUN_000163-T1_unrelaxed_rank_001_alphafold2_ptm_model_3_seed_000,91.00355555555556,0.0263203059076584,Non-antimicrobial
FUN_000182-T1_unrelaxed_rank_001_alphafold2_ptm_model_3_seed_000,88.12757741347906,0.795913008721703,Antimicrobial
FUN_000197-T1_unrelaxed_rank_001_alphafold2_ptm_model_1_seed_000,78.66519031141868,0.0011848396745603,Non-antimicrobial
FUN_000203-T1_unrelaxed_rank_001_alphafold2_ptm_model_3_seed_000,80.85749385749386,0.9615883008472704,Antimicrobial
FUN_000212-T1_unrelaxed_rank_001_alphafold2_ptm_model_2_seed_000,34.043584905660374,0.0284243028902047,Non-antimicrobial
FUN_000271-T1_unrelaxed_rank_001_alphafold2_ptm_model_3_seed_000,35.77524456521739,0.0027503039333485,Non-antimicrobial
FUN_000306-T1_unrelaxed_rank_001_alphafold2_ptm_model_4_seed_000,82.46789855072464,0.2955456688847195,Non-antimicrobial
FUN_000324-T1_unrelaxed_rank_001_alphafold2_ptm_model_4_seed_000,47.81231543624161,0.9121932053307552,Antimicrobial
FUN_000327-T1_unrelaxed_rank_001_alphafold2_ptm_model_1_seed_000,34.567061855670104,0.3983337393930794,Non-antimicrobial
FUN_000358-T1_unrelaxed_rank_001_alphafold2_ptm_model_3_seed_000,92.58079077429984,0.4807386867679499,Non-antimicrobial
FUN_000361-T1_unrelaxed_rank_001_alphafold2_ptm_model_2_seed_000,83.70658767772512,0.9997412418710078,Antimicrobial
FUN_000377-T1_unrelaxed_rank_001_alphafold2_ptm_model_4_seed_000,71.00978873239436,0.4982311478068197,Antimicrobial
FUN_000388-T1_unrelaxed_rank_001_alphafold2_ptm_model_4_seed_000,66.8285082872928,0.5001048940119194,Antimicrobial
FUN_000401-T1_unrelaxed_rank_001_alphafold2_ptm_model_2_seed_000,40.85944444444444,0.0098465148422194,Non-antimicrobial
FUN_000410-T1_unrelaxed_rank_001_alphafold2_ptm_model_5_seed_000,83.43706484641638,0.0946665264876734,Non-antimicrobial
FUN_000434-T1_unrelaxed_rank_001_alphafold2_ptm_model_5_seed_000,29.380051020408164,0.0,Non-antimicrobial
FUN_000439-T1_unrelaxed_rank_001_alphafold2_ptm_model_5_seed_000,67.11952095808385,0.77258780154451,Antimicrobial
FUN_000452-T1_unrelaxed_rank_001_alphafold2_ptm_model_3_seed_000,74.09979238754325,0.7109276142811084,Antimicrobial
FUN_000458-T1_unrelaxed_rank_001_alphafold2_ptm_model_2_seed_000,78.332,0.0913983588497028,Non-antimicrobial
FUN_000467-T1_unrelaxed_rank_001_alphafold2_ptm_model_5_seed_000,52.38919254658385,0.0705585940022301,Non-antimicrobial
FUN_000470-T1_unrelaxed_rank_001_alphafold2_ptm_model_3_seed_000,45.71574074074074,5.4921077945793705e-05,Non-antimicrobial
FUN_000471-T1_unrelaxed_rank_001_alphafold2_ptm_model_4_seed_000,84.78436170212767,0.5254087537903,Antimicrobial
FUN_000479-T1_unrelaxed_rank_001_alphafold2_ptm_model_3_seed_000,55.79034653465347,0.9860852668205828,Antimicrobial
FUN_000516-T1_unrelaxed_rank_001_alphafold2_ptm_model_3_seed_000,53.96781879194631,0.0876370464139476,Non-antimicrobial
FUN_000540-T1_unrelaxed_rank_001_alphafold2_ptm_model_3_seed_000,90.25310225303294,0.6055422979227841,Antimicrobial
FUN_000553-T1_unrelaxed_rank_001_alphafold2_ptm_model_5_seed_000,89.92460000000001,0.8433219874324279,Antimicrobial
FUN_000606-T1_unrelaxed_rank_001_alphafold2_ptm_model_2_seed_000,29.36423220973783,0.0146133931174925,Non-antimicrobial
FUN_000609-T1_unrelaxed_rank_001_alphafold2_ptm_model_4_seed_000,44.32489932885906,0.4128838188644046,Non-antimicrobial
FUN_000626-T1_unrelaxed_rank_001_alphafold2_ptm_model_1_seed_000,64.90024390243902,0.0151843498680088,Non-antimicrobial
FUN_000630-T1_unrelaxed_rank_001_alphafold2_ptm_model_3_seed_000,58.03000000000001,0.0004566126740942,Non-antimicrobial
FUN_000633-T1_unrelaxed_rank_001_alphafold2_ptm_model_5_seed_000,70.3472699386503,0.0012122916941886,Non-antimicrobial
FUN_000639-T1_unrelaxed_rank_001_alphafold2_ptm_model_2_seed_000,59.62100840336135,0.0013018097263664,Non-antimicrobial
FUN_000644-T1_unrelaxed_rank_001_alphafold2_ptm_model_2_seed_000,73.47118644067798,0.0476113169301019,Non-antimicrobial
FUN_000646-T1_unrelaxed_rank_001_alphafold2_ptm_model_4_seed_000,80.19038461538462,0.2935488695531557,Non-antimicrobial
FUN_000655-T1_unrelaxed_rank_001_alphafold2_ptm_model_3_seed_000,40.929761904761904,0.101000188526858,Non-antimicrobial
FUN_000656-T1_unrelaxed_rank_001_alphafold2_ptm_model_2_seed_000,79.99352040816326,0.0043989228282757,Non-antimicrobial
FUN_000697-T1_unrelaxed_rank_001_alphafold2_ptm_model_1_seed_000,40.31839285714285,0.0998984078969712,Non-antimicrobial
FUN_000698-T1_unrelaxed_rank_001_alphafold2_ptm_model_4_seed_000,55.601400000000005,0.905798682586924,Antimicrobial
FUN_000700-T1_unrelaxed_rank_001_alphafold2_ptm_model_1_seed_000,53.36771676300578,0.1673906073248386,Non-antimicrobial
FUN_000709-T1_unrelaxed_rank_001_alphafold2_ptm_model_3_seed_000,66.07067750677507,0.4376266329200152,Non-antimicrobial
FUN_000719-T1_unrelaxed_rank_001_alphafold2_ptm_model_2_seed_000,83.81541033434651,0.3866154611756244,Non-antimicrobial
FUN_000737-T1_unrelaxed_rank_001_alphafold2_ptm_model_2_seed_000,32.97850439882698,0.9743265272327252,Antimicrobial
FUN_000740-T1_unrelaxed_rank_001_alphafold2_ptm_model_5_seed_000,68.28128378378379,0.5159971347648404,Antimicrobial
FUN_000747-T1_unrelaxed_rank_001_alphafold2_ptm_model_3_seed_000,80.26111111111112,0.9446940651005448,Antimicrobial
FUN_000801-T1_unrelaxed_rank_001_alphafold2_ptm_model_2_seed_000,77.3325,0.0073151568576711,Non-antimicrobial
FUN_000813-T1_unrelaxed_rank_001_alphafold2_ptm_model_5_seed_000,45.561269035533,0.3546479441342067,Non-antimicrobial
FUN_000833-T1_unrelaxed_rank_001_alphafold2_ptm_model_3_seed_000,85.55586065573769,0.008260287203609,Non-antimicrobial
FUN_000850-T1_unrelaxed_rank_001_alphafold2_ptm_model_4_seed_000,75.66208333333333,0.5659193923957555,Antimicrobial
FUN_000861-T1_unrelaxed_rank_001_alphafold2_ptm_model_3_seed_000,74.76841836734694,0.3293593276012038,Non-antimicrobial
FUN_000923-T1_unrelaxed_rank_001_alphafold2_ptm_model_3_seed_000,92.24466019417476,0.3991018109348381,Non-antimicrobial
FUN_000933-T1_unrelaxed_rank_001_alphafold2_ptm_model_3_seed_000,72.4552,0.9561658914145504,Antimicrobial
FUN_000935-T1_unrelaxed_rank_001_alphafold2_ptm_model_4_seed_000,93.06260784313724,0.0238883172340671,Non-antimicrobial
FUN_000953-T1_unrelaxed_rank_001_alphafold2_ptm_model_2_seed_000,28.3944776119403,0.0011190736439991,Non-antimicrobial
FUN_001001-T1_unrelaxed_rank_001_alphafold2_ptm_model_2_seed_000,57.35555555555556,0.0030182551916143,Non-antimicrobial
FUN_001002-T1_unrelaxed_rank_001_alphafold2_ptm_model_1_seed_000,71.09030821917808,0.1090624025576128,Non-antimicrobial
FUN_001015-T1_unrelaxed_rank_001_alphafold2_ptm_model_4_seed_000,88.99895104895106,0.1691099403464439,Non-antimicrobial
FUN_001028-T1_unrelaxed_rank_001_alphafold2_ptm_model_4_seed_000,66.45818345323741,0.9083658751407716,Antimicrobial
FUN_001042-T1_unrelaxed_rank_001_alphafold2_ptm_model_3_seed_000,42.27669014084506,0.0615128850231125,Non-antimicrobial
FUN_001051-T1_unrelaxed_rank_001_alphafold2_ptm_model_3_seed_000,76.37444711538461,0.0577455228814582,Non-antimicrobial
FUN_001063-T1_unrelaxed_rank_001_alphafold2_ptm_model_5_seed_000,56.66083969465649,0.0072098483230897,Non-antimicrobial
FUN_001066-T1_unrelaxed_rank_001_alphafold2_ptm_model_2_seed_000,74.05067567567568,0.9497311070240528,Antimicrobial
FUN_001083-T1_unrelaxed_rank_001_alphafold2_ptm_model_2_seed_000,70.77810316139767,0.0012338736634553,Non-antimicrobial
FUN_001094-T1_unrelaxed_rank_001_alphafold2_ptm_model_3_seed_000,72.94345572354212,0.0481925949856461,Non-antimicrobial
FUN_001103-T1_unrelaxed_rank_001_alphafold2_ptm_model_3_seed_000,51.99289719626168,0.0034119709650239,Non-antimicrobial
FUN_001104-T1_unrelaxed_rank_001_alphafold2_ptm_model_2_seed_000,76.57497854077253,0.90409593476119,Antimicrobial
FUN_001123-T1_unrelaxed_rank_001_alphafold2_ptm_model_3_seed_000,68.4065024630542,0.1829258157659397,Non-antimicrobial
FUN_001127-T1_unrelaxed_rank_001_alphafold2_ptm_model_1_seed_000,77.6761,0.9991801509662056,Antimicrobial
FUN_001136-T1_unrelaxed_rank_001_alphafold2_ptm_model_1_seed_000,48.69566866267465,0.0,Non-antimicrobial
FUN_001150-T1_unrelaxed_rank_001_alphafold2_ptm_model_4_seed_000,90.56551839464883,0.0483002452924735,Non-antimicrobial
FUN_001160-T1_unrelaxed_rank_001_alphafold2_ptm_model_2_seed_000,59.19147757255936,0.9436271663529978,Antimicrobial
FUN_001183-T1_unrelaxed_rank_001_alphafold2_ptm_model_5_seed_000,47.35611111111111,0.0096230664578855,Non-antimicrobial
FUN_001259-T1_unrelaxed_rank_001_alphafold2_ptm_model_3_seed_000,82.2971875,0.8674853213723615,Antimicrobial
FUN_001263-T1_unrelaxed_rank_001_alphafold2_ptm_model_4_seed_000,82.89324175824176,0.0600668618952523,Non-antimicrobial
FUN_001264-T1_unrelaxed_rank_001_alphafold2_ptm_model_3_seed_000,91.90525129982667,0.0721624799086172,Non-antimicrobial
FUN_001304-T1_unrelaxed_rank_001_alphafold2_ptm_model_3_seed_000,66.09179487179487,0.0013201243519667,Non-antimicrobial
FUN_001455-T1_unrelaxed_rank_001_alphafold2_ptm_model_4_seed_000,75.69017353579176,0.9656657728025968,Antimicrobial
FUN_001458-T1_unrelaxed_rank_001_alphafold2_ptm_model_2_seed_000,78.9077067669173,0.9913360302365278,Antimicrobial
FUN_001461-T1_unrelaxed_rank_001_alphafold2_ptm_model_1_seed_000,36.837834394904455,0.0170692289717138,Non-antimicrobial
FUN_001516-T1_unrelaxed_rank_001_alphafold2_ptm_model_2_seed_000,77.76382352941177,0.0003933605407428,Non-antimicrobial
FUN_001550-T1_unrelaxed_rank_001_alphafold2_ptm_model_2_seed_000,59.11496376811596,0.9725856733557252,Antimicrobial
FUN_001599-T1_unrelaxed_rank_001_alphafold2_ptm_model_3_seed_000,86.79342105263159,0.0365132129414618,Non-antimicrobial
FUN_001631-T1_unrelaxed_rank_001_alphafold2_ptm_model_3_seed_000,83.01637168141592,0.0077449024878223,Non-antimicrobial
FUN_001663-T1_unrelaxed_rank_001_alphafold2_ptm_model_3_seed_000,66.74461254612547,0.0003789746486551,Non-antimicrobial
FUN_001675-T1_unrelaxed_rank_001_alphafold2_ptm_model_4_seed_000,92.2067689822294,0.9668509010086606,Antimicrobial
FUN_001704-T1_unrelaxed_rank_001_alphafold2_ptm_model_4_seed_000,92.45737142857143,0.3398323232433646,Non-antimicrobial
FUN_001708-T1_unrelaxed_rank_001_alphafold2_ptm_model_2_seed_000,35.93536036036036,0.5035372447000303,Antimicrobial
FUN_001709-T1_unrelaxed_rank_001_alphafold2_ptm_model_5_seed_000,37.15930555555556,0.2589567552040706,Non-antimicrobial
FUN_001758-T1_unrelaxed_rank_001_alphafold2_ptm_model_3_seed_000,86.77718654434251,0.0252457995475571,Non-antimicrobial
FUN_001769-T1_unrelaxed_rank_001_alphafold2_ptm_model_3_seed_000,92.0377950310559,0.4576480887531738,Non-antimicrobial
FUN_001785-T1_unrelaxed_rank_001_alphafold2_ptm_model_1_seed_000,82.63159609120521,0.2752234145777786,Non-antimicrobial
FUN_001815-T1_unrelaxed_rank_001_alphafold2_ptm_model_3_seed_000,85.35371991247267,0.0108447615361869,Non-antimicrobial
FUN_001832-T1_unrelaxed_rank_001_alphafold2_ptm_model_1_seed_000,70.01543942992875,0.8359847953269033,Antimicrobial
FUN_001849-T1_unrelaxed_rank_001_alphafold2_ptm_model_5_seed_000,41.61975845410628,0.047998610943952,Non-antimicrobial
FUN_001856-T1_unrelaxed_rank_001_alphafold2_ptm_model_3_seed_000,76.4446953405018,0.6187050908774816,Antimicrobial
FUN_001885-T1_unrelaxed_rank_001_alphafold2_ptm_model_3_seed_000,91.1090987868284,0.99789729400816,Antimicrobial
FUN_001919-T1_unrelaxed_rank_001_alphafold2_ptm_model_1_seed_000,35.335123152709365,0.5673200230561944,Antimicrobial
FUN_001935-T1_unrelaxed_rank_001_alphafold2_ptm_model_2_seed_000,47.83888235294118,0.0002603897013579,Non-antimicrobial
FUN_001941-T1_unrelaxed_rank_001_alphafold2_ptm_model_1_seed_000,90.6079180887372,0.0210836440386844,Non-antimicrobial
FUN_001970-T1_unrelaxed_rank_001_alphafold2_ptm_model_3_seed_000,78.09834170854272,0.4608248453123118,Non-antimicrobial
FUN_001974-T1_unrelaxed_rank_001_alphafold2_ptm_model_3_seed_000,93.44082,0.7130577069322933,Antimicrobial
FUN_002007-T1_unrelaxed_rank_001_alphafold2_ptm_model_3_seed_000,71.28473684210526,0.0,Non-antimicrobial
FUN_002012-T1_unrelaxed_rank_001_alphafold2_ptm_model_2_seed_000,60.28572881355933,0.055625762993661,Non-antimicrobial
FUN_002013-T1_unrelaxed_rank_001_alphafold2_ptm_model_2_seed_000,49.99292397660819,0.0043823481958907,Non-antimicrobial
FUN_002041-T1_unrelaxed_rank_001_alphafold2_ptm_model_3_seed_000,38.90837837837836,0.2108950071443229,Non-antimicrobial
FUN_002086-T1_unrelaxed_rank_001_alphafold2_ptm_model_3_seed_000,58.80411764705883,0.0001670704774381,Non-antimicrobial
FUN_002120-T1_unrelaxed_rank_001_alphafold2_ptm_model_2_seed_000,78.28886597938144,0.0119876497072052,Non-antimicrobial
FUN_002121-T1_unrelaxed_rank_001_alphafold2_ptm_model_1_seed_000,30.50147540983607,0.93891128998624,Antimicrobial
FUN_002144-T1_unrelaxed_rank_001_alphafold2_ptm_model_2_seed_000,93.64873589164787,0.9803732755953812,Antimicrobial
FUN_002186-T1_unrelaxed_rank_001_alphafold2_ptm_model_2_seed_000,44.08050377833753,0.0,Non-antimicrobial
FUN_002191-T1_unrelaxed_rank_001_alphafold2_ptm_model_5_seed_000,64.15771573604061,0.2432816964420361,Non-antimicrobial
FUN_002220-T1_unrelaxed_rank_001_alphafold2_ptm_model_2_seed_000,50.265,0.0,Non-antimicrobial
FUN_002229-T1_unrelaxed_rank_001_alphafold2_ptm_model_4_seed_000,89.77826589595375,0.3801677781279218,Non-antimicrobial
FUN_002264-T1_unrelaxed_rank_001_alphafold2_ptm_model_3_seed_000,54.44478021978021,0.0436563541820234,Non-antimicrobial
FUN_002283-T1_unrelaxed_rank_001_alphafold2_ptm_model_3_seed_000,90.04836223506743,0.4153693275125265,Non-antimicrobial
FUN_002304-T1_unrelaxed_rank_001_alphafold2_ptm_model_4_seed_000,91.86230038022816,0.8749921986991509,Antimicrobial
FUN_002310-T1_unrelaxed_rank_001_alphafold2_ptm_model_4_seed_000,92.1991196388262,0.0044932775610438,Non-antimicrobial
FUN_002315-T2_unrelaxed_rank_001_alphafold2_ptm_model_3_seed_000,58.00689873417721,0.0305360134396952,Non-antimicrobial
FUN_002316-T1_unrelaxed_rank_001_alphafold2_ptm_model_3_seed_000,70.70526022304833,0.1561676155072276,Non-antimicrobial
FUN_002331-T1_unrelaxed_rank_001_alphafold2_ptm_model_1_seed_000,70.62403141361257,0.9746631761376942,Antimicrobial
FUN_002336-T1_unrelaxed_rank_001_alphafold2_ptm_model_2_seed_000,48.11919491525424,0.8647931828690396,Antimicrobial
FUN_002353-T1_unrelaxed_rank_001_alphafold2_ptm_model_3_seed_000,83.01192028985508,0.9999999985766724,Antimicrobial
FUN_002376-T1_unrelaxed_rank_001_alphafold2_ptm_model_5_seed_000,91.82710462287103,0.0061835350722908,Non-antimicrobial
FUN_002396-T1_unrelaxed_rank_001_alphafold2_ptm_model_4_seed_000,90.18261363636364,0.0028502207927027,Non-antimicrobial
FUN_002406-T2_unrelaxed_rank_001_alphafold2_ptm_model_4_seed_000,89.56079365079364,0.0031794759475831,Non-antimicrobial
FUN_002409-T1_unrelaxed_rank_001_alphafold2_ptm_model_5_seed_000,67.14336363636365,0.1284402992406459,Non-antimicrobial
FUN_002412-T1_unrelaxed_rank_001_alphafold2_ptm_model_5_seed_000,46.08050000000001,0.9472181370838793,Antimicrobial
FUN_002412-T2_unrelaxed_rank_001_alphafold2_ptm_model_2_seed_000,47.55088167053364,0.0075509731239074,Non-antimicrobial
FUN_002423-T1_unrelaxed_rank_001_alphafold2_ptm_model_5_seed_000,67.76805194805195,0.0065534104121518,Non-antimicrobial
FUN_002446-T1_unrelaxed_rank_001_alphafold2_ptm_model_3_seed_000,52.93857142857143,0.9978140639389592,Antimicrobial
FUN_002462-T1_unrelaxed_rank_001_alphafold2_ptm_model_5_seed_000,93.55743464052289,0.0023413359672496,Non-antimicrobial
FUN_002475-T1_unrelaxed_rank_001_alphafold2_ptm_model_4_seed_000,81.77143356643356,0.0697650605272236,Non-antimicrobial
FUN_002482-T1_unrelaxed_rank_001_alphafold2_ptm_model_1_seed_000,30.07165322580645,0.1753000444409655,Non-antimicrobial
FUN_002502-T1_unrelaxed_rank_001_alphafold2_ptm_model_3_seed_000,44.87958041958042,0.0193991250138012,Non-antimicrobial
FUN_002514-T1_unrelaxed_rank_001_alphafold2_ptm_model_2_seed_000,56.13141509433962,0.9091411537973078,Antimicrobial
FUN_002540-T1_unrelaxed_rank_001_alphafold2_ptm_model_3_seed_000,92.84221198156682,0.8276667913676021,Antimicrobial
FUN_002543-T1_unrelaxed_rank_001_alphafold2_ptm_model_4_seed_000,67.46685,0.8020627390053089,Antimicrobial
FUN_002552-T1_unrelaxed_rank_001_alphafold2_ptm_model_4_seed_000,89.67625523012552,0.7446725523115084,Antimicrobial
FUN_002565-T1_unrelaxed_rank_001_alphafold2_ptm_model_2_seed_000,48.511972789115646,0.0333714286612634,Non-antimicrobial
FUN_002595-T1_unrelaxed_rank_001_alphafold2_ptm_model_4_seed_000,57.624803493449775,0.043748767662729,Non-antimicrobial
FUN_002596-T1_unrelaxed_rank_001_alphafold2_ptm_model_4_seed_000,89.7321647819063,0.0024884357122173,Non-antimicrobial
FUN_002636-T1_unrelaxed_rank_001_alphafold2_ptm_model_3_seed_000,86.39281690140844,0.2894563514236174,Non-antimicrobial
FUN_002660-T1_unrelaxed_rank_001_alphafold2_ptm_model_3_seed_000,50.189967637540455,0.0002690755397259,Non-antimicrobial
FUN_002665-T1_unrelaxed_rank_001_alphafold2_ptm_model_5_seed_000,40.79892857142857,0.1349291808207497,Non-antimicrobial
FUN_002692-T1_unrelaxed_rank_001_alphafold2_ptm_model_4_seed_000,91.256,0.0978726876056018,Non-antimicrobial
FUN_002697-T1_unrelaxed_rank_001_alphafold2_ptm_model_3_seed_000,54.535194805194806,0.002851298003179,Non-antimicrobial
FUN_002722-T1_unrelaxed_rank_001_alphafold2_ptm_model_3_seed_000,63.87725388601036,0.0003644757409043,Non-antimicrobial
FUN_002723-T1_unrelaxed_rank_001_alphafold2_ptm_model_4_seed_000,86.38563868613139,0.9337886753821136,Antimicrobial
FUN_002728-T1_unrelaxed_rank_001_alphafold2_ptm_model_2_seed_000,76.14354260089686,0.199508355998095,Non-antimicrobial
FUN_002741-T1_unrelaxed_rank_001_alphafold2_ptm_model_5_seed_000,70.91666666666667,0.3860189412437423,Non-antimicrobial
FUN_002771-T1_unrelaxed_rank_001_alphafold2_ptm_model_2_seed_000,75.45870786516852,0.0025808954829889,Non-antimicrobial
FUN_002844-T1_unrelaxed_rank_001_alphafold2_ptm_model_3_seed_000,60.304915254237294,0.0001152290145503,Non-antimicrobial
FUN_002910-T1_unrelaxed_rank_001_alphafold2_ptm_model_5_seed_000,74.32514066496164,0.0410699988882493,Non-antimicrobial
FUN_002960-T1_unrelaxed_rank_001_alphafold2_ptm_model_3_seed_000,74.64851744186046,0.6619090152641929,Antimicrobial
FUN_002963-T1_unrelaxed_rank_001_alphafold2_ptm_model_2_seed_000,64.93838235294118,0.0,Non-antimicrobial
FUN_002987-T1_unrelaxed_rank_001_alphafold2_ptm_model_3_seed_000,92.13380478087647,0.0125674454714004,Non-antimicrobial
FUN_003040-T1_unrelaxed_rank_001_alphafold2_ptm_model_3_seed_000,55.21358108108108,7.704626962829967e-08,Non-antimicrobial
FUN_003097-T1_unrelaxed_rank_001_alphafold2_ptm_model_4_seed_000,78.76525510204083,0.932802669631544,Antimicrobial
FUN_003101-T1_unrelaxed_rank_001_alphafold2_ptm_model_3_seed_000,66.07706349206349,0.2514779796081779,Non-antimicrobial
FUN_003112-T1_unrelaxed_rank_001_alphafold2_ptm_model_2_seed_000,93.07371428571427,0.8290869988652131,Antimicrobial
FUN_003124-T1_unrelaxed_rank_001_alphafold2_ptm_model_4_seed_000,83.03404545454545,0.3691710069397411,Non-antimicrobial
FUN_003126-T1_unrelaxed_rank_001_alphafold2_ptm_model_3_seed_000,89.33528037383178,0.6147700933089569,Antimicrobial
FUN_003130-T1_unrelaxed_rank_001_alphafold2_ptm_model_3_seed_000,88.51188139059305,0.0136190040725282,Non-antimicrobial
FUN_003140-T1_unrelaxed_rank_001_alphafold2_ptm_model_3_seed_000,87.53880575539569,0.0020564340464713,Non-antimicrobial
FUN_003182-T1_unrelaxed_rank_001_alphafold2_ptm_model_3_seed_000,91.96087420042645,0.281133321619136,Non-antimicrobial
FUN_003186-T1_unrelaxed_rank_001_alphafold2_ptm_model_4_seed_000,86.69063829787234,0.0794115793417238,Non-antimicrobial
FUN_003196-T1_unrelaxed_rank_001_alphafold2_ptm_model_3_seed_000,92.25110169491523,0.6438466031013684,Antimicrobial
FUN_003203-T1_unrelaxed_rank_001_alphafold2_ptm_model_3_seed_000,89.68094623655914,0.6658045544096657,Antimicrobial
FUN_003231-T1_unrelaxed_rank_001_alphafold2_ptm_model_4_seed_000,46.96308056872037,0.2021716847663947,Non-antimicrobial
FUN_003232-T1_unrelaxed_rank_001_alphafold2_ptm_model_1_seed_000,42.98057142857143,0.0100191774210492,Non-antimicrobial
FUN_003233-T1_unrelaxed_rank_001_alphafold2_ptm_model_4_seed_000,47.58520833333333,0.1350085828033871,Non-antimicrobial
FUN_003237-T1_unrelaxed_rank_001_alphafold2_ptm_model_4_seed_000,90.4889077212806,0.3770902602172504,Non-antimicrobial
FUN_003270-T1_unrelaxed_rank_001_alphafold2_ptm_model_2_seed_000,36.1217316017316,0.095850464004025,Non-antimicrobial
FUN_003285-T1_unrelaxed_rank_001_alphafold2_ptm_model_3_seed_000,91.59656880733944,0.8931774805005324,Antimicrobial
FUN_003287-T1_unrelaxed_rank_001_alphafold2_ptm_model_4_seed_000,80.95277777777778,0.3697494030069831,Non-antimicrobial
FUN_003296-T1_unrelaxed_rank_001_alphafold2_ptm_model_5_seed_000,79.00464114832536,0.4771308049418522,Non-antimicrobial
FUN_003307-T1_unrelaxed_rank_001_alphafold2_ptm_model_2_seed_000,80.35710344827585,0.0045885308131206,Non-antimicrobial
FUN_003314-T1_unrelaxed_rank_001_alphafold2_ptm_model_3_seed_000,48.61360824742268,0.0446986227923873,Non-antimicrobial
FUN_003328-T1_unrelaxed_rank_001_alphafold2_ptm_model_4_seed_000,87.49923202614379,0.013930840465262,Non-antimicrobial
FUN_003361-T1_unrelaxed_rank_001_alphafold2_ptm_model_5_seed_000,51.78166,0.8686712702621411,Antimicrobial
FUN_003362-T1_unrelaxed_rank_001_alphafold2_ptm_model_2_seed_000,31.78513089005236,0.0,Non-antimicrobial
FUN_003378-T1_unrelaxed_rank_001_alphafold2_ptm_model_1_seed_000,81.93317708333335,0.1285765173397394,Non-antimicrobial
FUN_003434-T1_unrelaxed_rank_001_alphafold2_ptm_model_4_seed_000,94.06455830388693,0.2042180400313843,Non-antimicrobial
FUN_003435-T1_unrelaxed_rank_001_alphafold2_ptm_model_1_seed_000,47.97648514851485,0.0,Non-antimicrobial
FUN_003436-T1_unrelaxed_rank_001_alphafold2_ptm_model_3_seed_000,74.36984210526316,0.996875535190204,Antimicrobial
FUN_003448-T1_unrelaxed_rank_001_alphafold2_ptm_model_1_seed_000,78.49582887700535,0.0325436750258175,Non-antimicrobial
FUN_003469-T1_unrelaxed_rank_001_alphafold2_ptm_model_2_seed_000,86.94504166666665,0.6550305051680607,Antimicrobial
FUN_003490-T1_unrelaxed_rank_001_alphafold2_ptm_model_1_seed_000,85.74232342007434,0.9934372870356956,Antimicrobial
FUN_003500-T1_unrelaxed_rank_001_alphafold2_ptm_model_2_seed_000,80.84327319587628,0.3193886323171081,Non-antimicrobial
FUN_003503-T1_unrelaxed_rank_001_alphafold2_ptm_model_3_seed_000,87.99633828996282,0.0089803104424331,Non-antimicrobial
FUN_003572-T1_unrelaxed_rank_001_alphafold2_ptm_model_3_seed_000,82.49738888888888,0.5959394419378872,Antimicrobial
FUN_003600-T1_unrelaxed_rank_001_alphafold2_ptm_model_1_seed_000,90.35132867132866,0.2127130247323283,Non-antimicrobial
FUN_003606-T1_unrelaxed_rank_001_alphafold2_ptm_model_2_seed_000,34.10482233502538,0.4541598082419226,Non-antimicrobial
FUN_003643-T1_unrelaxed_rank_001_alphafold2_ptm_model_2_seed_000,64.64147121535181,0.8665448725141278,Antimicrobial
FUN_003677-T1_unrelaxed_rank_001_alphafold2_ptm_model_1_seed_000,30.556395939086297,0.9355225329320104,Antimicrobial
FUN_003678-T1_unrelaxed_rank_001_alphafold2_ptm_model_4_seed_000,79.67218978102188,0.0083655494816052,Non-antimicrobial
FUN_003679-T1_unrelaxed_rank_001_alphafold2_ptm_model_4_seed_000,49.802875,0.9989096853801326,Antimicrobial
FUN_003693-T1_unrelaxed_rank_001_alphafold2_ptm_model_3_seed_000,83.69187969924812,0.710075334350828,Antimicrobial
FUN_003725-T1_unrelaxed_rank_001_alphafold2_ptm_model_3_seed_000,48.075474525474526,0.9994551132527704,Antimicrobial
FUN_003746-T1_unrelaxed_rank_001_alphafold2_ptm_model_4_seed_000,93.16332737030412,0.0806959927828981,Non-antimicrobial
FUN_003765-T1_unrelaxed_rank_001_alphafold2_ptm_model_2_seed_000,36.250057142857145,0.0119300817867775,Non-antimicrobial
FUN_003766-T1_unrelaxed_rank_001_alphafold2_ptm_model_4_seed_000,47.00045197740113,0.0572253510573588,Non-antimicrobial
FUN_003769-T1_unrelaxed_rank_001_alphafold2_ptm_model_5_seed_000,84.30392156862744,0.2214951541605661,Non-antimicrobial
FUN_003835-T1_unrelaxed_rank_001_alphafold2_ptm_model_4_seed_000,86.10992990654205,0.6731923732899066,Antimicrobial
FUN_003850-T1_unrelaxed_rank_001_alphafold2_ptm_model_1_seed_000,38.25144736842105,0.3189121154156946,Non-antimicrobial
FUN_003851-T1_unrelaxed_rank_001_alphafold2_ptm_model_3_seed_000,81.14338815789472,0.0413537492851521,Non-antimicrobial
FUN_003855-T1_unrelaxed_rank_001_alphafold2_ptm_model_4_seed_000,73.40630769230769,0.0163300209336539,Non-antimicrobial
FUN_003863-T2_unrelaxed_rank_001_alphafold2_ptm_model_4_seed_000,50.59582352941177,0.2348036055206783,Non-antimicrobial
FUN_003865-T1_unrelaxed_rank_001_alphafold2_ptm_model_5_seed_000,32.082145748987855,0.3154305218875805,Non-antimicrobial
FUN_003872-T1_unrelaxed_rank_001_alphafold2_ptm_model_3_seed_000,93.21707566462167,0.00975436500447,Non-antimicrobial
FUN_003873-T1_unrelaxed_rank_001_alphafold2_ptm_model_4_seed_000,85.71938775510205,0.2203178679391868,Non-antimicrobial
FUN_003876-T1_unrelaxed_rank_001_alphafold2_ptm_model_5_seed_000,92.56312335958006,0.4827351273275706,Non-antimicrobial
FUN_003880-T1_unrelaxed_rank_001_alphafold2_ptm_model_5_seed_000,54.98441281138791,0.7893322042986362,Antimicrobial
FUN_003928-T1_unrelaxed_rank_001_alphafold2_ptm_model_2_seed_000,67.6311170212766,0.1237509045579818,Non-antimicrobial
FUN_003936-T1_unrelaxed_rank_001_alphafold2_ptm_model_3_seed_000,69.73432291666666,5.308842795132189e-05,Non-antimicrobial
FUN_003976-T1_unrelaxed_rank_001_alphafold2_ptm_model_3_seed_000,79.28147347740669,0.9043058989175514,Antimicrobial
FUN_003978-T1_unrelaxed_rank_001_alphafold2_ptm_model_2_seed_000,46.384791666666665,0.0379778338606774,Non-antimicrobial
FUN_003988-T1_unrelaxed_rank_001_alphafold2_ptm_model_4_seed_000,52.03327014218009,0.0,Non-antimicrobial
FUN_004004-T1_unrelaxed_rank_001_alphafold2_ptm_model_4_seed_000,83.5160251046025,0.0263009784596385,Non-antimicrobial
FUN_004023-T1_unrelaxed_rank_001_alphafold2_ptm_model_4_seed_000,40.8268018018018,0.0195709284669252,Non-antimicrobial
FUN_004034-T1_unrelaxed_rank_001_alphafold2_ptm_model_1_seed_000,80.69363636363639,0.0106237283305778,Non-antimicrobial
FUN_004043-T1_unrelaxed_rank_001_alphafold2_ptm_model_4_seed_000,82.46503529411764,0.0841465312050923,Non-antimicrobial
FUN_004065-T1_unrelaxed_rank_001_alphafold2_ptm_model_2_seed_000,65.60248995983935,0.9769174534014012,Antimicrobial
FUN_004076-T1_unrelaxed_rank_001_alphafold2_ptm_model_4_seed_000,93.69539759036144,0.4547736952207403,Non-antimicrobial
FUN_004085-T1_unrelaxed_rank_001_alphafold2_ptm_model_2_seed_000,34.75723098995696,0.9551143267849944,Antimicrobial
FUN_004102-T1_unrelaxed_rank_001_alphafold2_ptm_model_2_seed_000,59.65142372881356,0.0012537293743952,Non-antimicrobial
FUN_004133-T1_unrelaxed_rank_001_alphafold2_ptm_model_3_seed_000,80.51129692832765,0.0899171963070359,Non-antimicrobial
FUN_004226-T1_unrelaxed_rank_001_alphafold2_ptm_model_5_seed_000,48.76877668308703,0.0,Non-antimicrobial
FUN_004252-T1_unrelaxed_rank_001_alphafold2_ptm_model_3_seed_000,81.70141630901287,0.9650745168821072,Antimicrobial
FUN_004284-T1_unrelaxed_rank_001_alphafold2_ptm_model_5_seed_000,89.86701388888889,0.0032644038965229,Non-antimicrobial
FUN_004305-T1_unrelaxed_rank_001_alphafold2_ptm_model_4_seed_000,87.3097713097713,0.1083474046561338,Non-antimicrobial
FUN_004309-T1_unrelaxed_rank_001_alphafold2_ptm_model_1_seed_000,55.9535,0.3174997099102162,Non-antimicrobial
FUN_004329-T1_unrelaxed_rank_001_alphafold2_ptm_model_5_seed_000,82.24982954545455,0.0259687054745108,Non-antimicrobial
FUN_004346-T1_unrelaxed_rank_001_alphafold2_ptm_model_3_seed_000,94.10080898876404,0.0790527861320863,Non-antimicrobial
FUN_004372-T1_unrelaxed_rank_001_alphafold2_ptm_model_4_seed_000,89.42864027538725,0.002344788680842,Non-antimicrobial
FUN_004433-T1_unrelaxed_rank_001_alphafold2_ptm_model_3_seed_000,94.86553221288516,0.9447204074822771,Antimicrobial
FUN_004437-T1_unrelaxed_rank_001_alphafold2_ptm_model_4_seed_000,90.6802302631579,0.2692937579759371,Non-antimicrobial
FUN_004466-T1_unrelaxed_rank_001_alphafold2_ptm_model_2_seed_000,80.1633111480865,0.8895346591030536,Antimicrobial
FUN_004507-T1_unrelaxed_rank_001_alphafold2_ptm_model_3_seed_000,60.31918644067795,0.6336160608853307,Antimicrobial
FUN_004515-T1_unrelaxed_rank_001_alphafold2_ptm_model_4_seed_000,84.68684210526315,0.1524753059467164,Non-antimicrobial
FUN_004636-T1_unrelaxed_rank_001_alphafold2_ptm_model_3_seed_000,41.79604617604617,0.0,Non-antimicrobial
FUN_004671-T1_unrelaxed_rank_001_alphafold2_ptm_model_5_seed_000,40.73679144385026,0.0623492454624588,Non-antimicrobial
FUN_004685-T1_unrelaxed_rank_001_alphafold2_ptm_model_3_seed_000,88.96365826944141,0.0,Non-antimicrobial
FUN_004812-T1_unrelaxed_rank_001_alphafold2_ptm_model_2_seed_000,66.67060344827586,0.0549395665246481,Non-antimicrobial
FUN_004818-T1_unrelaxed_rank_001_alphafold2_ptm_model_3_seed_000,83.06496598639455,0.978919527787102,Antimicrobial
FUN_004854-T1_unrelaxed_rank_001_alphafold2_ptm_model_2_seed_000,79.35458563535911,0.0437408000404446,Non-antimicrobial
FUN_004870-T1_unrelaxed_rank_001_alphafold2_ptm_model_3_seed_000,90.95344978165936,0.4754536783402713,Non-antimicrobial
FUN_004880-T1_unrelaxed_rank_001_alphafold2_ptm_model_2_seed_000,46.83577889447236,1.0277788912666665e-07,Non-antimicrobial
FUN_004881-T1_unrelaxed_rank_001_alphafold2_ptm_model_4_seed_000,31.093355704697984,0.7396544274091932,Antimicrobial
FUN_004920-T1_unrelaxed_rank_001_alphafold2_ptm_model_3_seed_000,78.62424418604651,0.1504434971015985,Non-antimicrobial
FUN_004930-T1_unrelaxed_rank_001_alphafold2_ptm_model_3_seed_000,42.19248175182481,0.1689385761987862,Non-antimicrobial
FUN_004931-T1_unrelaxed_rank_001_alphafold2_ptm_model_2_seed_000,56.269766355140185,0.0564767699987298,Non-antimicrobial
FUN_004938-T1_unrelaxed_rank_001_alphafold2_ptm_model_3_seed_000,92.12722488038276,0.0445044245583607,Non-antimicrobial
FUN_004947-T1_unrelaxed_rank_001_alphafold2_ptm_model_4_seed_000,75.97717857142857,0.1824294606821299,Non-antimicrobial
FUN_004956-T1_unrelaxed_rank_001_alphafold2_ptm_model_4_seed_000,61.62803191489362,0.2608893179378182,Non-antimicrobial
FUN_004978-T1_unrelaxed_rank_001_alphafold2_ptm_model_2_seed_000,38.53014150943397,0.0001290017205878,Non-antimicrobial
FUN_004980-T1_unrelaxed_rank_001_alphafold2_ptm_model_2_seed_000,81.87806722689075,0.1188981418172607,Non-antimicrobial
FUN_004983-T1_unrelaxed_rank_001_alphafold2_ptm_model_2_seed_000,48.55580327868853,0.0116877754570965,Non-antimicrobial
FUN_005009-T1_unrelaxed_rank_001_alphafold2_ptm_model_5_seed_000,84.48362694300518,0.3198049050198211,Non-antimicrobial
FUN_005038-T1_unrelaxed_rank_001_alphafold2_ptm_model_3_seed_000,56.47558878504673,0.9402418755480444,Antimicrobial
FUN_005039-T1_unrelaxed_rank_001_alphafold2_ptm_model_4_seed_000,65.00581560283688,0.0006651757275283,Non-antimicrobial
FUN_005046-T1_unrelaxed_rank_001_alphafold2_ptm_model_5_seed_000,33.33181818181818,0.6286272192663929,Antimicrobial
FUN_005061-T1_unrelaxed_rank_001_alphafold2_ptm_model_3_seed_000,82.27010152284264,0.0624334987455994,Non-antimicrobial
FUN_005093-T1_unrelaxed_rank_001_alphafold2_ptm_model_2_seed_000,73.2023076923077,0.0003232201245761,Non-antimicrobial
FUN_005095-T1_unrelaxed_rank_001_alphafold2_ptm_model_2_seed_000,90.88338289962826,0.6573882971390449,Antimicrobial
FUN_005096-T1_unrelaxed_rank_001_alphafold2_ptm_model_5_seed_000,94.6698153846154,0.6159432091366798,Antimicrobial
FUN_005118-T1_unrelaxed_rank_001_alphafold2_ptm_model_5_seed_000,90.2302427184466,0.687407633864398,Antimicrobial
FUN_005133-T1_unrelaxed_rank_001_alphafold2_ptm_model_2_seed_000,90.85667512690355,0.0558211115233676,Non-antimicrobial
FUN_005151-T1_unrelaxed_rank_001_alphafold2_ptm_model_4_seed_000,82.60072327044024,0.030252137453131,Non-antimicrobial
FUN_005200-T1_unrelaxed_rank_001_alphafold2_ptm_model_3_seed_000,88.66609677419356,0.3051444500881592,Non-antimicrobial
FUN_005244-T1_unrelaxed_rank_001_alphafold2_ptm_model_4_seed_000,93.05731319554847,0.0370965993733841,Non-antimicrobial
FUN_005256-T1_unrelaxed_rank_001_alphafold2_ptm_model_4_seed_000,93.62435950413224,0.099579248919512,Non-antimicrobial
FUN_005317-T1_unrelaxed_rank_001_alphafold2_ptm_model_4_seed_000,35.48320359281437,0.2947329413343535,Non-antimicrobial
FUN_005319-T1_unrelaxed_rank_001_alphafold2_ptm_model_4_seed_000,72.21203557312252,0.998497660068868,Antimicrobial
FUN_005320-T1_unrelaxed_rank_001_alphafold2_ptm_model_3_seed_000,63.34690376569038,0.5041953891423618,Antimicrobial
FUN_005338-T1_unrelaxed_rank_001_alphafold2_ptm_model_2_seed_000,42.89314381270904,0.0307058682138111,Non-antimicrobial
FUN_005361-T1_unrelaxed_rank_001_alphafold2_ptm_model_4_seed_000,74.83741379310344,0.0725075946163668,Non-antimicrobial
FUN_005364-T1_unrelaxed_rank_001_alphafold2_ptm_model_1_seed_000,59.45166666666668,0.0070155785261464,Non-antimicrobial
FUN_005365-T1_unrelaxed_rank_001_alphafold2_ptm_model_2_seed_000,85.17466019417476,0.1228998936620654,Non-antimicrobial
FUN_005376-T1_unrelaxed_rank_001_alphafold2_ptm_model_4_seed_000,76.84675392670155,0.0498130143647207,Non-antimicrobial
FUN_005389-T1_unrelaxed_rank_001_alphafold2_ptm_model_4_seed_000,91.8362248995984,0.5279439544509209,Antimicrobial
FUN_005390-T1_unrelaxed_rank_001_alphafold2_ptm_model_4_seed_000,82.22737837837839,0.3469944087375342,Non-antimicrobial
FUN_005416-T1_unrelaxed_rank_001_alphafold2_ptm_model_1_seed_000,75.55259999999998,0.5188487959212089,Antimicrobial
FUN_005492-T1_unrelaxed_rank_001_alphafold2_ptm_model_5_seed_000,68.89829545454546,0.2557283238286998,Non-antimicrobial
FUN_005514-T1_unrelaxed_rank_001_alphafold2_ptm_model_4_seed_000,86.40882681564246,0.0062857310828442,Non-antimicrobial
FUN_005533-T1_unrelaxed_rank_001_alphafold2_ptm_model_3_seed_000,79.01963076923079,0.0035948710385571,Non-antimicrobial
FUN_005536-T1_unrelaxed_rank_001_alphafold2_ptm_model_2_seed_000,43.11011111111111,4.0150877789588974e-06,Non-antimicrobial
FUN_005540-T1_unrelaxed_rank_001_alphafold2_ptm_model_2_seed_000,81.65688851913478,0.2645027498632132,Non-antimicrobial
FUN_005564-T1_unrelaxed_rank_001_alphafold2_ptm_model_3_seed_000,89.79661904761905,0.3026420646169552,Non-antimicrobial
FUN_005573-T1_unrelaxed_rank_001_alphafold2_ptm_model_2_seed_000,41.92368852459017,0.2346512069417936,Non-antimicrobial
FUN_005629-T1_unrelaxed_rank_001_alphafold2_ptm_model_2_seed_000,91.80709523809524,0.8853651211146231,Antimicrobial
FUN_005641-T1_unrelaxed_rank_001_alphafold2_ptm_model_3_seed_000,73.20612440191387,0.0082407042890446,Non-antimicrobial
FUN_005653-T1_unrelaxed_rank_001_alphafold2_ptm_model_5_seed_000,35.34574394463668,0.5495463282000443,Antimicrobial
FUN_005656-T1_unrelaxed_rank_001_alphafold2_ptm,85.19818181818181,0.0101641266380198,Non-antimicrobial
FUN_005657-T1_unrelaxed_rank_001_alphafold2_ptm,57.6005601659751,0.9958059236904144,Antimicrobial
FUN_005664-T1_unrelaxed_rank_001_alphafold2_ptm,63.25380434782608,0.7414415741438399,Antimicrobial
FUN_005675-T1_unrelaxed_rank_001_alphafold2_ptm,91.35971428571428,0.0384348122428705,Non-antimicrobial
FUN_005691-T1_unrelaxed_rank_001_alphafold2_ptm,93.68541666666668,0.3622533976014155,Non-antimicrobial
FUN_005696-T1_unrelaxed_rank_001_alphafold2_ptm,66.59996753246753,0.0002055216135326,Non-antimicrobial
FUN_005715-T1_unrelaxed_rank_001_alphafold2_ptm,95.06540350877192,0.4653308353476424,Non-antimicrobial
FUN_005716-T1_unrelaxed_rank_001_alphafold2_ptm,78.42503676470588,0.0305471175838295,Non-antimicrobial
FUN_005717-T1_unrelaxed_rank_001_alphafold2_ptm,35.15150234741784,0.6110785450701285,Antimicrobial
FUN_005718-T1_unrelaxed_rank_001_alphafold2_ptm,33.49452054794521,0.0025363337219662,Non-antimicrobial
FUN_005733-T1_unrelaxed_rank_001_alphafold2_ptm,28.61554285714286,0.999173732916692,Antimicrobial
FUN_005748-T1_unrelaxed_rank_001_alphafold2_ptm,92.5560433070866,0.005845371746777,Non-antimicrobial
FUN_005759-T1_unrelaxed_rank_001_alphafold2_ptm,60.31197247706423,0.0367637165340109,Non-antimicrobial
FUN_005768-T1_unrelaxed_rank_001_alphafold2_ptm,62.55986710963455,0.1632376025267728,Non-antimicrobial
FUN_005771-T1_unrelaxed_rank_001_alphafold2_ptm,93.06367245657567,0.1825501013508411,Non-antimicrobial
FUN_005784-T1_unrelaxed_rank_001_alphafold2_ptm,88.24251336898395,0.5081681226078683,Antimicrobial
FUN_005792-T1_unrelaxed_rank_001_alphafold2_ptm,75.71430711610488,0.9995536154693808,Antimicrobial
FUN_005800-T1_unrelaxed_rank_001_alphafold2_ptm,78.73467635402905,2.147712058162756e-50,Non-antimicrobial
FUN_005809-T1_unrelaxed_rank_001_alphafold2_ptm,90.2490625,0.9753252074464376,Antimicrobial
FUN_005813-T1_unrelaxed_rank_001_alphafold2_ptm,62.54159722222222,0.0004485807097195,Non-antimicrobial
FUN_005822-T1_unrelaxed_rank_001_alphafold2_ptm,80.2157268722467,0.8385657015489192,Antimicrobial
FUN_005824-T1_unrelaxed_rank_001_alphafold2_ptm,92.80198564593302,0.7846393700315842,Antimicrobial
FUN_005845-T1_unrelaxed_rank_001_alphafold2_ptm,55.956305048335125,0.0,Non-antimicrobial
FUN_005856-T1_unrelaxed_rank_001_alphafold2_ptm,85.57916666666668,0.5833175339818716,Antimicrobial
FUN_005892-T1_unrelaxed_rank_001_alphafold2_ptm,87.75532967032967,0.0977056590668281,Non-antimicrobial
FUN_005926-T1_unrelaxed_rank_001_alphafold2_ptm,36.87731132075472,0.6885053104236017,Antimicrobial
FUN_006010-T1_unrelaxed_rank_001_alphafold2_ptm,41.65388392857143,0.2278952253219192,Non-antimicrobial
FUN_006050-T1_unrelaxed_rank_001_alphafold2_ptm,82.52902040816328,0.0363704759912133,Non-antimicrobial
FUN_006091-T1_unrelaxed_rank_001_alphafold2_ptm,59.93577702702703,0.97663956274815,Antimicrobial
FUN_006135-T1_unrelaxed_rank_001_alphafold2_ptm,44.10063953488372,1.1438632810385549e-06,Non-antimicrobial
FUN_006142-T1_unrelaxed_rank_001_alphafold2_ptm,72.71695906432748,0.0603654789469009,Non-antimicrobial
FUN_006144-T1_unrelaxed_rank_001_alphafold2_ptm,29.797408450704225,0.7979769912339175,Antimicrobial
FUN_006188-T1_unrelaxed_rank_001_alphafold2_ptm,45.56255850234009,0.949669550079456,Antimicrobial
FUN_006194-T1_unrelaxed_rank_001_alphafold2_ptm,88.48266233766233,0.93858401252682,Antimicrobial
FUN_006200-T1_unrelaxed_rank_001_alphafold2_ptm,38.860533333333336,0.001375330764693,Non-antimicrobial
FUN_006216-T1_unrelaxed_rank_001_alphafold2_ptm,74.1403048780488,0.9084423203421604,Antimicrobial
FUN_006220-T1_unrelaxed_rank_001_alphafold2_ptm,84.85463215258856,0.0111106178901204,Non-antimicrobial
FUN_006245-T1_unrelaxed_rank_001_alphafold2_ptm,40.98642857142857,0.0637568714402831,Non-antimicrobial
FUN_006257-T1_unrelaxed_rank_001_alphafold2_ptm,94.78312714776632,0.5594458269258035,Antimicrobial
FUN_006265-T1_unrelaxed_rank_001_alphafold2_ptm,90.39638801261827,0.679908316408435,Antimicrobial
FUN_006269-T1_unrelaxed_rank_001_alphafold2_ptm,36.319631336405536,0.2810147550931826,Non-antimicrobial
FUN_006270-T1_unrelaxed_rank_001_alphafold2_ptm,55.33791512915129,0.9998400640493672,Antimicrobial
FUN_006271-T1_unrelaxed_rank_001_alphafold2_ptm,72.47267857142857,0.0843680750246208,Non-antimicrobial
FUN_006272-T1_unrelaxed_rank_001_alphafold2_ptm,93.62283422459892,0.0092678952670248,Non-antimicrobial
FUN_006277-T1_unrelaxed_rank_001_alphafold2_ptm,34.498712871287125,0.2239652826039668,Non-antimicrobial
FUN_006282-T1_unrelaxed_rank_001_alphafold2_ptm,37.075518867924536,0.3288598572194922,Non-antimicrobial
FUN_006283-T1_unrelaxed_rank_001_alphafold2_ptm,56.14573134328358,0.4322940145903144,Non-antimicrobial
FUN_006290-T1_unrelaxed_rank_001_alphafold2_ptm,90.83,0.0517324010418125,Non-antimicrobial
FUN_006291-T1_unrelaxed_rank_001_alphafold2_ptm,65.719125,0.6122293844332343,Antimicrobial
FUN_006292-T1_unrelaxed_rank_001_alphafold2_ptm,81.49939534883723,0.0565001938792181,Non-antimicrobial
FUN_006312-T1_unrelaxed_rank_001_alphafold2_ptm,95.35401944894652,0.8786135707047527,Antimicrobial
FUN_006327-T1_unrelaxed_rank_001_alphafold2_ptm,52.12546623794212,0.0004806935277422,Non-antimicrobial
FUN_006345-T1_unrelaxed_rank_001_alphafold2_ptm,41.90219858156029,0.0037376984860044,Non-antimicrobial
FUN_006348-T1_unrelaxed_rank_001_alphafold2_ptm,61.99404921700223,0.7821337402900617,Antimicrobial
FUN_006349-T1_unrelaxed_rank_001_alphafold2_ptm,75.74075221238938,0.0016711593205604,Non-antimicrobial
FUN_006379-T1_unrelaxed_rank_001_alphafold2_ptm,74.20990797546013,0.2664529626136208,Non-antimicrobial
FUN_006381-T1_unrelaxed_rank_001_alphafold2_ptm,83.73196666666666,0.0062997801383152,Non-antimicrobial
FUN_006382-T1_unrelaxed_rank_001_alphafold2_ptm,90.74411622276028,0.5910656809907214,Antimicrobial
FUN_006386-T1_unrelaxed_rank_001_alphafold2_ptm,47.84988764044943,0.0438461126861758,Non-antimicrobial
FUN_006396-T1_unrelaxed_rank_001_alphafold2_ptm,38.387773279352224,0.0037259855709927,Non-antimicrobial
FUN_006429-T1_unrelaxed_rank_001_alphafold2_ptm,86.16996753246752,0.9447933540870356,Antimicrobial
FUN_006430-T1_unrelaxed_rank_001_alphafold2_ptm,58.62041825095058,0.9999803320620334,Antimicrobial
FUN_006469-T1_unrelaxed_rank_001_alphafold2_ptm,42.74056074766356,0.587145204950485,Antimicrobial
FUN_006534-T1_unrelaxed_rank_001_alphafold2_ptm,78.95544364508395,0.2160026437778421,Non-antimicrobial
FUN_006612-T1_unrelaxed_rank_001_alphafold2_ptm,41.95192439862542,0.9809222308236372,Antimicrobial
FUN_006631-T1_unrelaxed_rank_001_alphafold2_ptm,74.07682170542635,0.0053559121270957,Non-antimicrobial
FUN_006635-T1_unrelaxed_rank_001_alphafold2_ptm,70.70920187793428,0.2152081920819607,Non-antimicrobial
FUN_006642-T1_unrelaxed_rank_001_alphafold2_ptm,50.69880952380952,0.2734743419437258,Non-antimicrobial
FUN_006687-T1_unrelaxed_rank_001_alphafold2_ptm,92.02209844559586,0.0033674326838613,Non-antimicrobial
FUN_006694-T1_unrelaxed_rank_001_alphafold2_ptm,90.17521994134898,0.1925048287198181,Non-antimicrobial
FUN_006702-T1_unrelaxed_rank_001_alphafold2_ptm,66.47848484848484,0.5417865528456155,Antimicrobial
FUN_006751-T1_unrelaxed_rank_001_alphafold2_ptm,29.51219409282701,0.0050877459931122,Non-antimicrobial
FUN_006771-T1_unrelaxed_rank_001_alphafold2_ptm,45.200327868852455,0.0422406080315298,Non-antimicrobial
FUN_006846-T1_unrelaxed_rank_001_alphafold2_ptm,60.82377358490566,0.0177943729371688,Non-antimicrobial
FUN_006848-T1_unrelaxed_rank_001_alphafold2_ptm,56.75794392523364,2.254229680404203e-05,Non-antimicrobial
FUN_006860-T1_unrelaxed_rank_001_alphafold2_ptm,60.95872274143302,0.0102393549839933,Non-antimicrobial
FUN_006869-T1_unrelaxed_rank_001_alphafold2_ptm,77.22822222222223,0.55708048673355,Antimicrobial
FUN_006870-T1_unrelaxed_rank_001_alphafold2_ptm,49.69146974063401,0.047372467519572,Non-antimicrobial
FUN_006873-T1_unrelaxed_rank_001_alphafold2_ptm,94.67271317829456,0.1566191644916481,Non-antimicrobial
FUN_006878-T1_unrelaxed_rank_001_alphafold2_ptm,55.6675,0.0075060362838967,Non-antimicrobial
FUN_006926-T1_unrelaxed_rank_001_alphafold2_ptm,71.66183529411765,0.9098298305951364,Antimicrobial
FUN_006927-T1_unrelaxed_rank_001_alphafold2_ptm,39.10967032967034,0.194052921193005,Non-antimicrobial
FUN_006937-T1_unrelaxed_rank_001_alphafold2_ptm,60.827556179775286,0.0197222991168793,Non-antimicrobial
FUN_006949-T1_unrelaxed_rank_001_alphafold2_ptm,84.77185410334346,0.150817903779015,Non-antimicrobial
FUN_006958-T1_unrelaxed_rank_001_alphafold2_ptm,85.80254205607477,0.9762983516386656,Antimicrobial
FUN_006967-T1_unrelaxed_rank_001_alphafold2_ptm,63.78815476190477,0.0143607080396203,Non-antimicrobial
FUN_007039-T1_unrelaxed_rank_001_alphafold2_ptm,70.60086330935252,0.2648069832336883,Non-antimicrobial
FUN_007071-T1_unrelaxed_rank_001_alphafold2_ptm,69.82049668874173,0.9983501948039588,Antimicrobial
FUN_007093-T2_unrelaxed_rank_001_alphafold2_ptm,85.95365853658537,0.1145351902417047,Non-antimicrobial
FUN_007125-T1_unrelaxed_rank_001_alphafold2_ptm,37.96095238095239,0.5654297923902047,Antimicrobial
FUN_007182-T1_unrelaxed_rank_001_alphafold2_ptm,91.41860844529752,0.9989089857224556,Antimicrobial
FUN_007184-T1_unrelaxed_rank_001_alphafold2_ptm,35.92509803921568,0.0147641383714657,Non-antimicrobial
FUN_007194-T1_unrelaxed_rank_001_alphafold2_ptm,52.33115646258504,0.0232180456472035,Non-antimicrobial
FUN_007255-T1_unrelaxed_rank_001_alphafold2_ptm,59.76940568475453,0.8825449422548327,Antimicrobial
FUN_007256-T1_unrelaxed_rank_001_alphafold2_ptm,91.39403409090907,0.0746414585896148,Non-antimicrobial
FUN_007268-T1_unrelaxed_rank_001_alphafold2_ptm,92.37537109375,0.167930077676625,Non-antimicrobial
FUN_007272-T1_unrelaxed_rank_001_alphafold2_ptm,84.6339024390244,0.6526696149440113,Antimicrobial
FUN_007274-T1_unrelaxed_rank_001_alphafold2_ptm,69.00925373134328,0.1579078842648619,Non-antimicrobial
FUN_007275-T1_unrelaxed_rank_001_alphafold2_ptm,88.2162549800797,0.8504609395076993,Antimicrobial
FUN_007280-T1_unrelaxed_rank_001_alphafold2_ptm,59.7156608478803,0.8259234362689484,Antimicrobial
FUN_007281-T1_unrelaxed_rank_001_alphafold2_ptm,87.60496402877698,0.6745248514647262,Antimicrobial
FUN_007287-T1_unrelaxed_rank_001_alphafold2_ptm,85.42341013824884,0.0655450298320697,Non-antimicrobial
FUN_007288-T1_unrelaxed_rank_001_alphafold2_ptm,72.42178683385579,0.9037113296370772,Antimicrobial
FUN_007316-T1_unrelaxed_rank_001_alphafold2_ptm,94.15842783505155,0.188660568388832,Non-antimicrobial
FUN_007362-T1_unrelaxed_rank_001_alphafold2_ptm,33.91119897959183,3.179377365614527e-05,Non-antimicrobial
FUN_007377-T1_unrelaxed_rank_001_alphafold2_ptm,59.38955056179776,0.5164324195660903,Antimicrobial
FUN_007383-T1_unrelaxed_rank_001_alphafold2_ptm,90.37385185185188,0.0715779526712727,Non-antimicrobial
FUN_007388-T1_unrelaxed_rank_001_alphafold2_ptm,88.42941385435168,0.7224472624743113,Antimicrobial
FUN_007392-T1_unrelaxed_rank_001_alphafold2_ptm,91.03036144578314,0.1243094447291928,Non-antimicrobial
FUN_007437-T1_unrelaxed_rank_001_alphafold2_ptm,63.3847602739726,0.0439419537937125,Non-antimicrobial
FUN_007451-T1_unrelaxed_rank_001_alphafold2_ptm,45.097161290322575,0.4020640742810151,Non-antimicrobial
FUN_007467-T1_unrelaxed_rank_001_alphafold2_ptm,82.9010683012259,0.641613513205955,Antimicrobial
FUN_007482-T1_unrelaxed_rank_001_alphafold2_ptm,65.13207865168539,0.258400940601509,Non-antimicrobial
FUN_007515-T1_unrelaxed_rank_001_alphafold2_ptm,86.80151515151516,0.976232219177434,Antimicrobial
FUN_007556-T1_unrelaxed_rank_001_alphafold2_ptm,42.125234375,0.5625186840313888,Antimicrobial
FUN_007596-T1_unrelaxed_rank_001_alphafold2_ptm,52.987685774946925,0.0,Non-antimicrobial
FUN_007616-T1_unrelaxed_rank_001_alphafold2_ptm,68.60582758620689,0.1553018320175409,Non-antimicrobial
FUN_007624-T1_unrelaxed_rank_001_alphafold2_ptm,62.86249134948096,0.4595994976936678,Non-antimicrobial
FUN_007655-T1_unrelaxed_rank_001_alphafold2_ptm,73.85991416309012,0.0079102924347962,Non-antimicrobial
FUN_007662-T1_unrelaxed_rank_001_alphafold2_ptm,67.4549504950495,0.032433249082984,Non-antimicrobial
FUN_007748-T1_unrelaxed_rank_001_alphafold2_ptm,79.13301615798922,0.999984640846801,Antimicrobial
FUN_007769-T1_unrelaxed_rank_001_alphafold2_ptm,79.42492012779553,0.9323290118820384,Antimicrobial
FUN_007855-T1_unrelaxed_rank_001_alphafold2_ptm,55.959035087719286,0.2540662958516683,Non-antimicrobial
FUN_007865-T1_unrelaxed_rank_001_alphafold2_ptm,34.637033492822965,0.0350040033852657,Non-antimicrobial
FUN_007884-T1_unrelaxed_rank_001_alphafold2_ptm,76.02150490730644,0.0,Non-antimicrobial
FUN_007888-T1_unrelaxed_rank_001_alphafold2_ptm,51.87602409638554,0.0617028194332779,Non-antimicrobial
FUN_007902-T1_unrelaxed_rank_001_alphafold2_ptm,82.39058823529412,0.419595882539078,Non-antimicrobial
FUN_007937-T1_unrelaxed_rank_001_alphafold2_ptm,91.92002512562814,0.6886320618931899,Antimicrobial
FUN_007939-T1_unrelaxed_rank_001_alphafold2_ptm,38.59798449612403,0.0530719452089572,Non-antimicrobial
FUN_007940-T1_unrelaxed_rank_001_alphafold2_ptm,41.71245454545454,0.0043982266955843,Non-antimicrobial
FUN_007944-T1_unrelaxed_rank_001_alphafold2_ptm,92.37711185308848,0.9701780877330336,Antimicrobial
FUN_007976-T1_unrelaxed_rank_001_alphafold2_ptm,55.04935275080906,0.7977021463699664,Antimicrobial
FUN_007985-T1_unrelaxed_rank_001_alphafold2_ptm,68.78265625,0.948037445963275,Antimicrobial
FUN_008015-T1_unrelaxed_rank_001_alphafold2_ptm,78.45364197530864,0.016973661313225,Non-antimicrobial
FUN_008019-T1_unrelaxed_rank_001_alphafold2_ptm,46.04616740088106,0.2302039631316023,Non-antimicrobial
FUN_008027-T1_unrelaxed_rank_001_alphafold2_ptm,66.39987525987527,0.0064063071366033,Non-antimicrobial
FUN_008041-T1_unrelaxed_rank_001_alphafold2_ptm,33.06829268292683,0.2265008327528043,Non-antimicrobial
FUN_008135-T1_unrelaxed_rank_001_alphafold2_ptm,48.809561403508766,0.048800226699907,Non-antimicrobial
FUN_008146-T1_unrelaxed_rank_001_alphafold2_ptm,87.83462450592884,0.3567514377286838,Non-antimicrobial
FUN_008148-T1_unrelaxed_rank_001_alphafold2_ptm,36.09337517433752,0.9998204926176808,Antimicrobial
FUN_008162-T1_unrelaxed_rank_001_alphafold2_ptm,35.30811188811188,0.8903515565856585,Antimicrobial
FUN_008182-T1_unrelaxed_rank_001_alphafold2_ptm,47.6092,0.0253253714329847,Non-antimicrobial
FUN_008186-T1_unrelaxed_rank_001_alphafold2_ptm,58.11868983957219,3.2854937818723575e-10,Non-antimicrobial
FUN_008218-T1_unrelaxed_rank_001_alphafold2_ptm,46.12535885167463,0.1192382957938649,Non-antimicrobial
FUN_008219-T1_unrelaxed_rank_001_alphafold2_ptm,59.063,0.99040459952453,Antimicrobial
FUN_008252-T1_unrelaxed_rank_001_alphafold2_ptm,86.4506683168317,0.0053924212447465,Non-antimicrobial
FUN_008269-T1_unrelaxed_rank_001_alphafold2_ptm,80.12036666666667,0.0028939675205358,Non-antimicrobial
FUN_008270-T1_unrelaxed_rank_001_alphafold2_ptm,77.9565,0.3031738778095787,Non-antimicrobial
FUN_008281-T1_unrelaxed_rank_001_alphafold2_ptm,44.73136645962733,0.0101927467620702,Non-antimicrobial
FUN_008290-T1_unrelaxed_rank_001_alphafold2_ptm,74.65504237288135,0.7639222944657107,Antimicrobial
FUN_008294-T1_unrelaxed_rank_001_alphafold2_ptm,95.20531881804042,0.1117723529481922,Non-antimicrobial
FUN_008351-T1_unrelaxed_rank_001_alphafold2_ptm,73.50205724508051,0.8084509262613645,Antimicrobial
FUN_008387-T1_unrelaxed_rank_001_alphafold2_ptm,71.57141342756184,0.0203280750014762,Non-antimicrobial
FUN_008400-T1_unrelaxed_rank_001_alphafold2_ptm,63.87267175572519,0.0027756531237305,Non-antimicrobial
FUN_008404-T2_unrelaxed_rank_001_alphafold2_ptm,89.93681355932203,0.0040944169743724,Non-antimicrobial
FUN_008424-T1_unrelaxed_rank_001_alphafold2_ptm,67.70069868995633,4.090317281602142e-05,Non-antimicrobial
FUN_008429-T1_unrelaxed_rank_001_alphafold2_ptm,77.60765432098766,0.1211611673885587,Non-antimicrobial
FUN_008443-T1_unrelaxed_rank_001_alphafold2_ptm,65.45768817204302,0.9999532349589249,Antimicrobial
FUN_008477-T1_unrelaxed_rank_001_alphafold2_ptm,38.6588524590164,0.0128101366430297,Non-antimicrobial
FUN_008519-T1_unrelaxed_rank_001_alphafold2_ptm,50.80403755868544,0.0,Non-antimicrobial
FUN_008553-T1_unrelaxed_rank_001_alphafold2_ptm,35.48684210526316,0.9999900489331212,Antimicrobial
FUN_008596-T1_unrelaxed_rank_001_alphafold2_ptm,83.71293333333335,0.7978423286214619,Antimicrobial
FUN_008622-T1_unrelaxed_rank_001_alphafold2_ptm,36.45940217391304,0.1855857836754362,Non-antimicrobial
FUN_008637-T1_unrelaxed_rank_001_alphafold2_ptm,68.18693277310923,7.437679945751189e-05,Non-antimicrobial
FUN_008641-T1_unrelaxed_rank_001_alphafold2_ptm,90.17461121157324,0.886526050136222,Antimicrobial
FUN_008667-T1_unrelaxed_rank_001_alphafold2_ptm,75.29108433734939,0.1828880165382737,Non-antimicrobial
FUN_008683-T1_unrelaxed_rank_001_alphafold2_ptm,76.60421052631578,0.3012169487450669,Non-antimicrobial
FUN_008694-T1_unrelaxed_rank_001_alphafold2_ptm,40.74124528301887,0.0008261176448855,Non-antimicrobial
FUN_008754-T1_unrelaxed_rank_001_alphafold2_ptm,78.9648447204969,0.871999105414917,Antimicrobial
FUN_008763-T1_unrelaxed_rank_001_alphafold2_ptm,88.38732647814909,0.0507697707283904,Non-antimicrobial
FUN_008764-T1_unrelaxed_rank_001_alphafold2_ptm,62.55341563786008,0.6354042612868764,Antimicrobial
FUN_008809-T1_unrelaxed_rank_001_alphafold2_ptm,45.66059426229508,0.0530242819225444,Non-antimicrobial
FUN_008830-T1_unrelaxed_rank_001_alphafold2_ptm,68.70454849498329,0.81590608632369,Antimicrobial
FUN_008841-T1_unrelaxed_rank_001_alphafold2_ptm,87.54930966469428,0.0086108259931044,Non-antimicrobial
FUN_008858-T1_unrelaxed_rank_001_alphafold2_ptm,92.5113986013986,0.0069401948275366,Non-antimicrobial
FUN_008872-T1_unrelaxed_rank_001_alphafold2_ptm,34.38388059701492,0.0233560366768934,Non-antimicrobial
FUN_008875-T1_unrelaxed_rank_001_alphafold2_ptm,36.225078125,0.0049937961784454,Non-antimicrobial
FUN_008931-T1_unrelaxed_rank_001_alphafold2_ptm,44.853393665158364,4.386584074863938e-05,Non-antimicrobial
FUN_008948-T1_unrelaxed_rank_001_alphafold2_ptm,38.8512987012987,9.529389114990177e-05,Non-antimicrobial
FUN_008971-T1_unrelaxed_rank_001_alphafold2_ptm,44.895664556962025,0.3961558335917799,Non-antimicrobial
FUN_008978-T1_unrelaxed_rank_001_alphafold2_ptm,39.13834196891192,0.0269934174031198,Non-antimicrobial
FUN_008987-T1_unrelaxed_rank_001_alphafold2_ptm,39.11374269005849,0.0686426611781201,Non-antimicrobial
FUN_008990-T1_unrelaxed_rank_001_alphafold2_ptm,76.45493975903614,0.9755231761923746,Antimicrobial
FUN_009011-T1_unrelaxed_rank_001_alphafold2_ptm,56.924949494949495,0.00047546452865,Non-antimicrobial
FUN_009026-T1_unrelaxed_rank_001_alphafold2_ptm,67.8361581920904,0.0154307806978827,Non-antimicrobial
FUN_009038-T1_unrelaxed_rank_001_alphafold2_ptm,72.22558863328823,0.9835167841680142,Antimicrobial
FUN_009065-T1_unrelaxed_rank_001_alphafold2_ptm,92.81577565632458,0.5928774648816445,Antimicrobial
FUN_009124-T1_unrelaxed_rank_001_alphafold2_ptm,65.86180147058823,0.0176445011030323,Non-antimicrobial
FUN_009135-T1_unrelaxed_rank_001_alphafold2_ptm,76.66139037433155,0.0214675080329728,Non-antimicrobial
FUN_009148-T1_unrelaxed_rank_001_alphafold2_ptm,51.94608996539793,0.2072621464373981,Non-antimicrobial
FUN_009170-T1_unrelaxed_rank_001_alphafold2_ptm,81.22039007092198,0.987075811765901,Antimicrobial
FUN_009178-T1_unrelaxed_rank_001_alphafold2_ptm,81.47092715231788,0.4229218773954944,Non-antimicrobial
FUN_009181-T1_unrelaxed_rank_001_alphafold2_ptm,70.78173076923076,0.0636003108980752,Non-antimicrobial
FUN_009189-T1_unrelaxed_rank_001_alphafold2_ptm,67.62701754385965,0.0012866771370582,Non-antimicrobial
FUN_009191-T1_unrelaxed_rank_001_alphafold2_ptm,59.447377049180325,0.0321009837147402,Non-antimicrobial
FUN_009211-T1_unrelaxed_rank_001_alphafold2_ptm,92.8011739745403,0.0327485524138797,Non-antimicrobial
FUN_009239-T1_unrelaxed_rank_001_alphafold2_ptm,86.90514032496307,0.9999983314676756,Antimicrobial
FUN_009292-T1_unrelaxed_rank_001_alphafold2_ptm,45.18801801801801,0.0082582015604424,Non-antimicrobial
FUN_009293-T1_unrelaxed_rank_001_alphafold2_ptm,84.51065420560747,0.5727680813692916,Antimicrobial
FUN_009295-T1_unrelaxed_rank_001_alphafold2_ptm,52.70230235783634,0.9281953951767096,Antimicrobial
FUN_009311-T1_unrelaxed_rank_001_alphafold2_ptm,64.72571428571428,0.7573607658110412,Antimicrobial
FUN_009312-T1_unrelaxed_rank_001_alphafold2_ptm,48.78963768115942,0.0,Non-antimicrobial
FUN_009317-T1_unrelaxed_rank_001_alphafold2_ptm,66.13799319727892,0.1225769845538711,Non-antimicrobial
FUN_009324-T1_unrelaxed_rank_001_alphafold2_ptm,55.03942528735632,0.0099868154126615,Non-antimicrobial
FUN_009340-T1_unrelaxed_rank_001_alphafold2_ptm,67.21936090225563,0.001254836863474,Non-antimicrobial
FUN_009430-T1_unrelaxed_rank_001_alphafold2_ptm,51.23665338645418,0.0048394214548486,Non-antimicrobial
FUN_009462-T1_unrelaxed_rank_001_alphafold2_ptm,86.40844398340248,0.4552230574778153,Non-antimicrobial
FUN_009502-T1_unrelaxed_rank_001_alphafold2_ptm,51.214666666666666,0.0015944833802138,Non-antimicrobial
FUN_009511-T1_unrelaxed_rank_001_alphafold2_ptm,79.12777777777777,0.7353157672901047,Antimicrobial
FUN_009521-T1_unrelaxed_rank_001_alphafold2_ptm,93.58860061287028,0.0021117372882222,Non-antimicrobial
FUN_009572-T1_unrelaxed_rank_001_alphafold2_ptm,85.71614609571787,0.999970583535926,Antimicrobial
FUN_009606-T1_unrelaxed_rank_001_alphafold2_ptm,79.86218309859156,0.1462987933939106,Non-antimicrobial
FUN_009607-T1_unrelaxed_rank_001_alphafold2_ptm,33.84773462783172,0.4492686698136316,Non-antimicrobial
FUN_009609-T1_unrelaxed_rank_001_alphafold2_ptm,92.0280462184874,0.1873555522520361,Non-antimicrobial
FUN_009613-T1_unrelaxed_rank_001_alphafold2_ptm,89.68829683698297,0.2190879465260442,Non-antimicrobial
FUN_009615-T1_unrelaxed_rank_001_alphafold2_ptm,65.99256637168142,0.004234094411242,Non-antimicrobial
FUN_009649-T1_unrelaxed_rank_001_alphafold2_ptm,84.10992000000003,0.0777414671845485,Non-antimicrobial
FUN_009655-T1_unrelaxed_rank_001_alphafold2_ptm,88.23769863013698,0.0164235378529455,Non-antimicrobial
FUN_009663-T1_unrelaxed_rank_001_alphafold2_ptm,90.03199494949494,0.0324343915819996,Non-antimicrobial
FUN_009668-T1_unrelaxed_rank_001_alphafold2_ptm,62.61028301886792,0.70099910509218,Antimicrobial
FUN_009682-T1_unrelaxed_rank_001_alphafold2_ptm,39.61618644067797,0.0521598433584373,Non-antimicrobial
FUN_009683-T1_unrelaxed_rank_001_alphafold2_ptm,30.44387850467289,0.0,Non-antimicrobial
FUN_009688-T1_unrelaxed_rank_001_alphafold2_ptm,49.57689655172413,0.9770366048385114,Antimicrobial
FUN_009689-T1_unrelaxed_rank_001_alphafold2_ptm,41.64504504504505,0.3968587410884422,Non-antimicrobial
FUN_009690-T1_unrelaxed_rank_001_alphafold2_ptm,65.94844512195122,0.4471312928937633,Non-antimicrobial
FUN_009692-T1_unrelaxed_rank_001_alphafold2_ptm,42.07158139534884,0.6885275068550455,Antimicrobial
FUN_009694-T1_unrelaxed_rank_001_alphafold2_ptm,74.51757834757834,0.9985676753089368,Antimicrobial
FUN_009699-T1_unrelaxed_rank_001_alphafold2_ptm,77.79896686159844,0.9999676897551496,Antimicrobial
FUN_009724-T1_unrelaxed_rank_001_alphafold2_ptm,90.04938983050846,0.0091333040170995,Non-antimicrobial
FUN_009726-T1_unrelaxed_rank_001_alphafold2_ptm,48.70370967741936,0.0087818880806146,Non-antimicrobial
FUN_009729-T1_unrelaxed_rank_001_alphafold2_ptm,82.65680628272253,0.0146033574437325,Non-antimicrobial
FUN_009730-T1_unrelaxed_rank_001_alphafold2_ptm,47.45513725490196,0.0033544276627147,Non-antimicrobial
FUN_009731-T1_unrelaxed_rank_001_alphafold2_ptm,76.92287480680062,0.0093809708292296,Non-antimicrobial
FUN_009743-T1_unrelaxed_rank_001_alphafold2_ptm,65.87237654320987,0.7870795469235654,Antimicrobial
FUN_009750-T1_unrelaxed_rank_001_alphafold2_ptm,78.92303797468354,0.0045023625833735,Non-antimicrobial
FUN_009758-T1_unrelaxed_rank_001_alphafold2_ptm,89.26036974789916,0.7211626547042038,Antimicrobial
FUN_009761-T1_unrelaxed_rank_001_alphafold2_ptm,84.1298578199052,0.212265654413146,Non-antimicrobial
FUN_009793-T1_unrelaxed_rank_001_alphafold2_ptm,35.83400966183575,0.8794021339402075,Antimicrobial
FUN_009833-T1_unrelaxed_rank_001_alphafold2_ptm,82.802890625,0.6232243388869582,Antimicrobial
FUN_009844-T1_unrelaxed_rank_001_alphafold2_ptm,37.6085062240664,0.0029690523685906,Non-antimicrobial
FUN_009857-T1_unrelaxed_rank_001_alphafold2_ptm,52.14888268156425,0.2059871483145919,Non-antimicrobial
FUN_009860-T1_unrelaxed_rank_001_alphafold2_ptm,90.1453401360544,0.7585476006842704,Antimicrobial
FUN_009862-T1_unrelaxed_rank_001_alphafold2_ptm,84.5049872122762,0.3026482999472693,Non-antimicrobial
FUN_009880-T1_unrelaxed_rank_001_alphafold2_ptm,75.76423580786027,0.8494954713282692,Antimicrobial
FUN_009885-T1_unrelaxed_rank_001_alphafold2_ptm,80.854,0.0937935547707418,Non-antimicrobial
FUN_009886-T1_unrelaxed_rank_001_alphafold2_ptm,40.27392857142858,0.078896058312889,Non-antimicrobial
FUN_009887-T1_unrelaxed_rank_001_alphafold2_ptm,88.68806896551725,0.0269509428807941,Non-antimicrobial
FUN_009899-T1_unrelaxed_rank_001_alphafold2_ptm,35.461231527093595,0.0066772978549472,Non-antimicrobial
FUN_009901-T1_unrelaxed_rank_001_alphafold2_ptm,32.9965,0.5194599218936845,Antimicrobial
FUN_009902-T1_unrelaxed_rank_001_alphafold2_ptm,82.8257731958763,0.0196026649187429,Non-antimicrobial
FUN_009936-T1_unrelaxed_rank_001_alphafold2_ptm,86.94823045267489,0.5839253036394748,Antimicrobial
FUN_009945-T1_unrelaxed_rank_001_alphafold2_ptm,64.6711969111969,0.2744943110952575,Non-antimicrobial
FUN_009962-T1_unrelaxed_rank_001_alphafold2_ptm,57.73132653061224,0.914126484818528,Antimicrobial
FUN_009972-T1_unrelaxed_rank_001_alphafold2_ptm,89.22650914634146,0.988095439897463,Antimicrobial
FUN_009986-T1_unrelaxed_rank_001_alphafold2_ptm,91.4627949183303,0.7802469676854626,Antimicrobial
FUN_010021-T1_unrelaxed_rank_001_alphafold2_ptm,39.63053571428572,0.0088290896604714,Non-antimicrobial
FUN_010022-T1_unrelaxed_rank_001_alphafold2_ptm,40.20379310344827,0.8668420569145415,Antimicrobial
FUN_010026-T1_unrelaxed_rank_001_alphafold2_ptm,50.82466307277628,0.9999787103965412,Antimicrobial
FUN_010027-T1_unrelaxed_rank_001_alphafold2_ptm,56.3098,0.5245409354450487,Antimicrobial
FUN_010040-T1_unrelaxed_rank_001_alphafold2_ptm,52.9146551724138,0.0079162078558603,Non-antimicrobial
FUN_010044-T1_unrelaxed_rank_001_alphafold2_ptm,84.62510917030568,0.3509427295821632,Non-antimicrobial
FUN_010086-T1_unrelaxed_rank_001_alphafold2_ptm,55.873311258278136,0.0335552043442446,Non-antimicrobial
FUN_010088-T1_unrelaxed_rank_001_alphafold2_ptm,59.31448717948719,0.9969674144175164,Antimicrobial
FUN_010096-T1_unrelaxed_rank_001_alphafold2_ptm,41.67989726027397,0.0395677546291721,Non-antimicrobial
FUN_010118-T1_unrelaxed_rank_001_alphafold2_ptm,74.70308986064393,0.0,Non-antimicrobial
FUN_010126-T2_unrelaxed_rank_001_alphafold2_ptm,78.41122807017544,0.0045257751586798,Non-antimicrobial
FUN_010127-T1_unrelaxed_rank_001_alphafold2_ptm,67.28045977011493,0.072337336366247,Non-antimicrobial
FUN_010132-T1_unrelaxed_rank_001_alphafold2_ptm,93.56190332326284,0.2493084636695377,Non-antimicrobial
FUN_010138-T1_unrelaxed_rank_001_alphafold2_ptm,41.18544117647059,0.0014550009914823,Non-antimicrobial
FUN_010170-T1_unrelaxed_rank_001_alphafold2_ptm,79.09385,0.0166758883415554,Non-antimicrobial
FUN_010179-T1_unrelaxed_rank_001_alphafold2_ptm,88.40681759379042,0.9909406495734014,Antimicrobial
FUN_010191-T1_unrelaxed_rank_001_alphafold2_ptm,88.59764705882354,0.4969307238776768,Antimicrobial
FUN_010200-T1_unrelaxed_rank_001_alphafold2_ptm,72.32184971098266,0.2300310859865536,Non-antimicrobial
FUN_010209-T1_unrelaxed_rank_001_alphafold2_ptm,91.39403409090907,0.0725000308992846,Non-antimicrobial
FUN_010210-T1_unrelaxed_rank_001_alphafold2_ptm,59.76940568475453,0.889383913833771,Antimicrobial
FUN_010247-T1_unrelaxed_rank_001_alphafold2_ptm,65.92788519637463,0.0591256183366467,Non-antimicrobial
FUN_010250-T1_unrelaxed_rank_001_alphafold2_ptm,81.44744680851063,0.3959973989675986,Non-antimicrobial
FUN_010307-T1_unrelaxed_rank_001_alphafold2_ptm,29.37578651685393,0.0393701321414671,Non-antimicrobial
FUN_010326-T1_unrelaxed_rank_001_alphafold2_ptm,82.37849315068493,0.0174430189065417,Non-antimicrobial
FUN_010329-T1_unrelaxed_rank_001_alphafold2_ptm,55.70355140186916,0.0050162382821904,Non-antimicrobial
FUN_010345-T1_unrelaxed_rank_001_alphafold2_ptm,86.19722433460078,0.1370705917352547,Non-antimicrobial
FUN_010366-T1_unrelaxed_rank_001_alphafold2_ptm,71.09142857142857,0.9836576817819416,Antimicrobial
FUN_010370-T1_unrelaxed_rank_001_alphafold2_ptm,63.13853896103896,0.703761965993043,Antimicrobial
FUN_010382-T1_unrelaxed_rank_001_alphafold2_ptm,37.89518607442977,0.0,Non-antimicrobial
FUN_010384-T1_unrelaxed_rank_001_alphafold2_ptm,72.57188953488372,0.0079934953449232,Non-antimicrobial
FUN_010387-T1_unrelaxed_rank_001_alphafold2_ptm,89.53767885532591,0.0007654430469311,Non-antimicrobial
FUN_010393-T1_unrelaxed_rank_001_alphafold2_ptm,68.70765550239234,0.126966006808267,Non-antimicrobial
FUN_010394-T1_unrelaxed_rank_001_alphafold2_ptm,42.73618497109827,0.0968075590364327,Non-antimicrobial
FUN_010426-T1_unrelaxed_rank_001_alphafold2_ptm,89.2719881305638,0.0332622207097034,Non-antimicrobial
FUN_010442-T1_unrelaxed_rank_001_alphafold2_ptm,65.9859375,0.5452419918194021,Antimicrobial
FUN_010443-T1_unrelaxed_rank_001_alphafold2_ptm,81.49939534883723,0.0564176459958475,Non-antimicrobial
FUN_010449-T1_unrelaxed_rank_001_alphafold2_ptm,89.49591036414566,0.3335423200725462,Non-antimicrobial
FUN_010470-T1_unrelaxed_rank_001_alphafold2_ptm,83.84567164179104,0.9992333937649834,Antimicrobial
FUN_010474-T1_unrelaxed_rank_001_alphafold2_ptm,84.95213930348257,0.3922408560231793,Non-antimicrobial
FUN_010550-T1_unrelaxed_rank_001_alphafold2_ptm,76.22018099547512,0.2300137291344101,Non-antimicrobial
FUN_010580-T1_unrelaxed_rank_001_alphafold2_ptm,91.04025761124122,0.9176894211759908,Antimicrobial
FUN_010590-T1_unrelaxed_rank_001_alphafold2_ptm,86.96827586206895,0.9991325120562984,Antimicrobial
FUN_010595-T1_unrelaxed_rank_001_alphafold2_ptm,31.68788235294117,0.3310836418415824,Non-antimicrobial
FUN_010624-T1_unrelaxed_rank_001_alphafold2_ptm,92.40121165644172,0.8519922151814621,Antimicrobial
FUN_010636-T1_unrelaxed_rank_001_alphafold2_ptm,30.968960573476704,0.0001242086605828,Non-antimicrobial
FUN_010647-T1_unrelaxed_rank_001_alphafold2_ptm,72.54673076923076,0.9957663830336028,Antimicrobial
FUN_010665-T1_unrelaxed_rank_001_alphafold2_ptm,77.92679054054055,0.0575820435651829,Non-antimicrobial
FUN_010682-T1_unrelaxed_rank_001_alphafold2_ptm,56.12103585657371,0.1581893470407913,Non-antimicrobial
FUN_010688-T1_unrelaxed_rank_001_alphafold2_ptm,66.59996753246753,0.0002033124188045,Non-antimicrobial
FUN_010693-T1_unrelaxed_rank_001_alphafold2_ptm,93.6826893939394,0.4831714949680746,Non-antimicrobial
FUN_010734-T1_unrelaxed_rank_001_alphafold2_ptm,86.89559055118112,0.9979773678961996,Antimicrobial
FUN_010737-T1_unrelaxed_rank_001_alphafold2_ptm,47.04299435028249,0.005554756826713,Non-antimicrobial
FUN_010738-T1_unrelaxed_rank_001_alphafold2_ptm,50.86233146067415,0.7873119428612305,Antimicrobial